Priorità,ISBN,Titolo,Sottotitolo,Autore,Formato,Pagine,Editore,Data di edizione,Nota privata
"Medio","[9788830439009]","Contro la decrescita","Perchè rallentare non è la soluzione","Luca Simonetti","Paperback","259","Longanesi","[2014-xx-xx]",""
"Medio","[9788830722095]","I rifiuti? Non esistono!","Due o tre cose da sapere sulla loro gestione","Marco Boschini, Ezio Orzes","Paperback","59","EMI (Gli infralibri)","[2014-10-xx]",""
"Medio","[9788822062949]","Pinocchio e la scienza","Come difendersi da false credenze e bufale scientifiche","Silvano Fuso","Paperback","271","Dedalo","[2006-01-01]",""
"Medio","[9788871684369]","Il caso Jane Eyre","","Jasper Fforde","Paperback","382","Marcos y Marcos (Gli alianti, 132)","[2006-04-xx]",""
"Medio","[9788804570820]","L'illusione di Dio","Le ragioni per non credere","Richard Dawkins","Copertina rigida","400","A. Mondadori (Saggi)","[2007-08-xx]",""
"Medio","[9788806197308]","Sarà vero","La menzogna al potere: Falsi, sospetti e bufale che hanno fatto la storia","Errico Buonanno","Paperback","363","Einaudi (Stile Libero Extra)","[2009-01-01]",""
"Medio","[9788884905970]","Io e loro","Cronache di un marito","Brunella Gasperini","Altri","189","Baldini Castoldi Dalai","[2004-01-01]",""
"Medio","[9788866213093]","Indignazione","","Philip Roth","Paperback","141","Einaudi (Numeri primi)","[2011-01-01]",""
"Medio","[9788868330583]","L'arte di mentire a se stessi e agli altri","","Giorgio Nardone","Paperback","142","Ponte alle Grazie","[2014-xx-xx]",""
"Medio","[9788842907466]","Neuromante","","William Gibson","Paperback","256","Nord","[1993-11-01]",""
"Medio","[9788820056247]","Pensare freakonomics","Un metodo non convenzionale per risolvere tutti i problemi","Steven D. Levitt, Stephen J. Dubner","Copertina rigida","240","Sperling & Kupfer (Saggi)","[2014-06-17]",""
"Medio","[9788868264321]","Breaking Beppe","Dal Grillo qualunque alla guerra civile simulata","Giuliano Santoro","Paperback","220","Castelvecchi","[2014-07-05]",""
"Medio","[9788804559238]","L'attentatrice","","Yasmina Khadra","Paperback","232","Mondadori","[2006-01-01]",""
"Medio","","Bologna Social Enclave","racconto","Wu Ming","eBook","7","Wu Ming Foundation","[2001-01-01]",""
"Medio","[9781861978776]","Born to Run","The Hidden Tribe, the Ultra-Runners, and the Greatest Race the World Has Never Seen","Christopher McDougall","Paperback","304","","[2010-04-15]",""
"Medio","[9788834709405]","Perdido Street Station","","China Mieville","Paperback","744","Fanucci","[2003-01-01]",""
"Medio","[9788889479001]","Il potere della stupidità","","Giancarlo Livraghi","Altri","148","Monti & Ambrosini","[2004-01-01]",""
"Medio","[9788889479094]","Mentire con le statistiche","","Darrell Huff","Copertina rigida","206","Monti & Ambrosini","[2007-01-01]",""
"Medio","[9781781683323]","The Frontman","Bono (In the Name of Power)","Harry Browne","eBook","192","Verso","[2013-06-10]",""
"Medio","[9788804629269]","Effetti collaterali","Come le case farmaceutiche ingannano medici e pazienti","Ben Goldacre","Copertina rigida","416","A. Mondadori","[2013-04-xx]",""
"Medio","[9788861593039]","La cattiva scienza","","Ben Goldacre","Altri","297","Bruno Mondadori (Presente storico)","[2009-01-01]",""
"Medio","[9788804320173]","La casa degli invasati","","Shirley Jackson","Paperback","215","Arnoldo Mondadori (Oscar Horror, 2)","[1989-03-01]",""
"Medio","[9788831794541]","L'estate dei morti viventi","","John Ajvide Lindqvist","Paperback","377","Marsilio (Farfalle)","[2008-05-28]",""
"Medio","","Il giorno dei Trifidi - Il risveglio dell'abisso - I figli dell'invasione - Chocky","I Massimi della Fantascienza 5","John Wyndham","Copertina rigida","526","A. Mondadori","[1984-06-01]",""
"Medio","[9788833916521]","Il terzo scimpanzé","Ascesa e caduta del primate homo sapiens","Jared Diamond","Paperback","480","Bollati Boringhieri","[2006-01-01]",""
"Medio","[9788804621089]","Pensieri lenti e veloci","","Daniel Kahneman","Paperback","560","Arnoldo Mondadori","[2012-04-01]",""
"Medio","[9788834711132]","Tutti i racconti 1969-1992","","J. G. Ballard","Altri","633","Fanucci","[2005-01-01]",""
"Medio","","Incubo a quattro dimensioni","","J. G. Ballard","Paperback","224","Mondadori (Oscar Fantascienza, 842)","[1978-02-01]",""
"Medio","","I segreti di Vermilion Sands","Orizzonti IX","J. G. Ballard","Paperback","214","Fanucci","[1976-02-01]",""
"Medio","[9788807701801]","Regno a venire","","J. G. Ballard","Altri","293","Feltrinelli","[2006-01-01]",""
"Medio","","Obbedienza all'autorità","Uno sguardo sperimentale","Stanley Milgram","Copertina rigida","205","Fabbri (La grande biblioteca della Psicologia)","[2007-01-01]",""
"Medio","[9788889164198]","Masters of Doom","Ovvero come due ragazzi hanno creato un impero e trasformato la cultura pop","David Kushner","Altri","292","Multiplayer.it","[2005-01-01]",""
"Medio","[9788820359447]","Vendere tutto","Jeff Bezos e l'era di Amazon","Brad Stone","Copertina rigida","323","Hoepli (Business & technology)","[2013-xx-xx]",""
"Medio","[9788854506121]","Inferno: Il mondo in guerra 1939-1945","","Max Hastings","Paperback","895","Neri Pozza","[2012-11-29]",""
"Medio","[9788875211356]","La storia segreta dell'impero americano","Corruttori, sciacalli e sicari dell'economia","John Perkins","Altri","","Minimum fax","[2007-01-01]",""
"Medio","[9788806214524]","Il mondo fino a ieri","Che cosa possiamo imparare dalle società tradizionali?","Jared Diamond","Copertina rigida","520","Einaudi (Saggi)","[2013-05-14]",""
"Medio","[9788878996076]","O la va o la spacca","","Enrico Brizzi","Paperback","138","Barbera","[2013-07-xx]",""
"Medio","[9788806208936]","Una coppia perfetta","I racconti di Hap e Leonard","Joe R. Lansdale","Tascabile economico","196","Einaudi (Stile Libero Big)","[2013-03-xx]",""
"Medio","[9788806208868]","Acqua buia","","Joe R. Lansdale","Paperback","340","Einaudi (Stile libero Big)","[2012-06-12]",""
"Medio","[9788862510066]","Bangkok uccide","","John Burdett","Copertina rigida","350","Giano","[2007-11-xx]",""
"Medio","[9788830425491]","Perché siamo antipatici","La sinistra e il complesso dei migliori prima e dopo le elezioni del 2008","Luca Ricolfi","Copertina rigida","236","Longanesi (Le spade)","[2008-01-01]",""
"Medio","","Il giorno dei dinosauri","Urania 1224","Joe R. Lansdale","Paperback","144","Mondadori","[1994-02-06]",""
"Medio","","La strategia dell’Ariete","","Kaizen","Paperback","","Arnoldo Mondadori Editore","[2007-03-01]",""
"Medio","[9788807111228]","Keynes o Hayek","Lo scontro che ha definito l'economia moderna","Nicholas Wapshott","Paperback","304","Feltrinelli","[2012-10-xx]",""
"Medio","[9788860881045]","La vita finanziaria dei poeti","","Jess Walter","Paperback","305","Guanda (I Narratori della Fenice)","[2011-03-xx]",""
"Medio","[9788897508205]","Ferro sette","","Francesco Troccoli","Paperback","320","Armando Curcio","[2012-04-26]",""
"Medio","[9788886232760]","Italia overground","Mappe e reti della cultura alternativa","","Tascabile economico","303","Castelvecchi","[1996-01-01]",""
"Medio","[9788874241231]","La città buia","","Sandrone Dazieri, Daniele G. Genova","Paperback","189","Aliberti","",""
"Medio","[9788842099437]","La legge della giungla","","Enrico Brizzi","Altri","256","","[2012-05-01]",""
"Medio","[9788862201520]","Senza offesa, fai schifo.","La critica che fa bene agli altri e fa star meglio te","Ludovica Scarpa","Paperback","202","Ponte alle Grazie","[2011-01-01]",""
"Medio","[9788804615286]","Una storia tra due città","","Charles Dickens","Paperback","526","A. Mondadori (Oscar Classici; 654)","[2012-01-01]",""
"Medio","[9788882466114]","Molto forte, incredibilmente vicino","","Jonathan Safran Foer","Copertina rigida","351","Guanda","[2005-01-01]",""
"Medio","[9788861554399]","Il cigno dalle quattro ali","","Roberto Rocchi","Paperback","202","Giraldie","[2011-01-01]",""
"Medio","[9788875783181]","La cattedrale di Turing","Le origini dell'universo digitale","George Dyson","Paperback","447","Codice Edizioni","[2012-10-25]",""
"Medio","[9788863800760]","La dittatura delle abitudini","Come si formano, quanto ci condizionano, come cambiarle","Charles Duhigg","Paperback","432","Corbaccio","[2012-10-01]",""
"Medio","[9788806211004]","Il secondo libro dell'ignoranza","Tutto quello che vi ostinate a non sapere","John Mitchinson, John Lloyd","Paperback","300","Einaudi","[2012-05-01]",""
"Medio","[9788842817970]","Debito","I primi 5000 anni","David Graeber","Paperback","521","il Saggiatore","[2012-05-xx]",""
"Medio","[9788864790541]","Sgualciti dalla vita","Racconti nudi e soprattutto crudi","Niccolò Agrimi","Copertina morbida e spillati","104","Stilo (Nuovelettere)","[2012-06-01]",""
"Medio","[9788845913747]","L'arte di farsi rispettare","Esposta in 14 massime","Arthur Schopenhauer","Altri","90","Adelphi","[1998-01-01]",""
"Medio","[9788879532389]","Volo basso","Sesso, cacca e banalità. Viaggio nelle cazzate che scrive Fabio Volo","Lucio Giunio Bruto","Paperback","180","Kaos Edizioni","[2012-03-01]",""
"Medio","[9788862205528]","Finanza per indignati","","Andrea Baranes","Paperback","334","Ponte alle Grazie (Inchieste ; 22)","[2012-01-01]",""
"Medio","[9788828600367]","Marcia su Roma e dintorni","","Emilio Lussu","Paperback","228","Einaudi Scuola","[2002-01-01]",""
"Medio","[9788833952598]","Lezioni di logica matematica","","Gabriele Lolli","Altri","","Bollati Boringhieri","[1978-01-01]",""
"Medio","[9788845256219]","Un contadino nella metropoli","Ricordi di un militante delle Brigate Rosse","Prospero Gallinari","Altri","340","Bompiani","[2006-01-01]",""
"Medio","[9788845234668]","Come ho imparato le lingue","","Diego Marani","Paperback","148","Bompiani","[2005-01-01]",""
"Medio","[9788806056162]","Un viaggio in Italia","1981-1983 (Saggi)","Guido Ceronetti","Altri","290","G. Einaudi","[1983-01-01]",""
"Medio","[9780865716063]","Reinventing Collapse","The Soviet Example and American Prospects","Dmitry Orlov","Paperback","176","New Society Publishers","[2008-06-01]",""
"Medio","[9788887847178]","Il labirinto di Putin","Spie, omicidi e il cuore nero della nuova Russia","Steve Levine","Paperback","240","il Sirente","[2010-09-01]",""
"Medio","[9788864730677]","La Terra svuotata","Il futuro dell'uomo dopo l'esaurimento dei minerali","Ugo Bardi","Paperback","295","Editori Riuniti University Press","[2011-11-15]",""
"0","[9788817056977]","Invictus","Costantino, l'imperatore guerriero","Simone Sarasso","Copertina rigida","587","Rizzoli","[2012-05-01]",""
"Medio","[9788804588283]","La Città dei Clown","","Will Elliott","Tascabile economico","364","Arnoldo Mondadori (Strade Blu)","[2009-02-xx]",""
"Medio","[9788806143213]","Oltre il confine","","Cormac McCarthy","Paperback","370","Einaudi","[1997-01-01]",""
"Medio","[9788845245794]","L'uomo di marketing e la variante limone","","Walter Fontana","Altri","158","Bompiani","[2000-01-01]",""
"Medio","[9788879664370]","Ramones","La biografia ufficiale","Jim Bessman","Altri","380","Arcana","[2007-01-01]",""
"Medio","[9788807721564]","Storia della libertà di pensiero","","Paolo Villaggio","Paperback","190","Feltrinelli","[2008-01-01]",""
"Medio","[9788864110912]","Sette piccoli sospetti","","Christian Frascella","Copertina morbida e spillati","347","Fazi (Le vele 100)","[2010-03-01]",""
"Medio","[9788860880949]","Almanacco Guanda (2007)","Il complotto","","Altri","264","Guanda","[2007-01-01]",""
"Medio","[9788879722681]","Aria sottile","","Jon Krakauer","Copertina rigida","346","Corbaccio","[1998-xx-xx]",""
"Medio","[9788870682151]","Le miniere di re Salomone","Misteri d'oriente - vol. 3","Michel Pagel, Dominique Monrocq, Doug Headline","Paperback","312","EL","[1989-01-01]",""
"Medio","[9788806134877]","L'idiota","","Fedor M. Dostoevskij","Tascabile economico","606","Einaudi","[1994-01-01]",""
"Medio","[9788845913754]","In mezzo scorre il fiume","","Norman MacLean","Paperback","153","Adelphi (gli Adelphi, 130)","[1998-01-01]",""
"Medio","[9788842530572]","L'isola del dottor Moreau","","H.G. Wells","Altri","123","Mursia ","[1978-01-01]",""
"Medio","[9788877465603]","Il falco maltese","","Dashiell Hammett","Paperback","222","Guanda (Narratori della fenice)","[1991-10-xx]",""
"Medio","[9788807811777]","Il lungo addio","","Raymond Chandler","Paperback","313","Feltrinelli (Universale economica, 1177)","[1991-xx-xx]",""
"Medio","[9788804565246]","Il pericoloso libro delle cose da veri uomini","","Conn Iggulden, Hal Iggulden","Altri","309","Mondadori","[2007-01-01]",""
"Basso","[9788845302534]","La grande depressione del mondo 1929 - 1939","","Charles P. Kindleberger","Altri","","Etas","[1996-01-01]",""
"Medio","[9788804467632]","Generazione X","Storie per una cultura accelerata","Douglas Coupland","Paperback","219","Mondadori (Piccola biblioteca Oscar, 172)","[1999-01-xx]",""
"Medio","[9788835956204]","La medicina smascherata","L'antivivisezionismo come esperienza politica","Hans Ruesch, Marco Mamone Capria","Copertina rigida","271","Editori Riuniti","[2005-01-01]",""
"Medio","[9788883635496]","Capire la borsa","Guida all'investimento azionario a Piazza Affari e sui mercati internazionali","Marco Liera, Beltratti Andrea","Altri","359","Il Sole 24 Ore Pirola","[2005-01-01]",""
"Medio","[9788848112130]","Sicurezza digitale","Miti da sfatare, strategie da adottare","Bruce Schneier","Altri","344","Tecniche Nuove","[2001-01-01]",""
"Basso","[9788804556190]","Riflessioni sull'orlo dell'Apocalisse","Contemplando il futuro con Noam Chomsky, Bruce Sterling, Deepak Chopra e altri","David Jay Brown","Paperback","454","Arnoldo Mondadori (Oscar piccola biblioteca)","[2006-11-01]",""
"Basso","","10 giorni che fecero tremare il mondo","","John Reed","Tascabile economico","324","Longanesi & C. (I libri pocket - 34)","[1966-03-01]",""
"Medio","[9788835950196]","Marx a Soho","Un monologo sulla storia","Howard Zinn","Paperback","69","Editori Riuniti","[2001-01-01]",""
"Medio","[9788881585816]","La guerra giusta","","Howard Zinn","Paperback","72","Charta","[2006-01-01]",""
"Medio","[9780973778700]","Access All Areas","A User's Guide to the Art of Urban Exploration","Ninjalicious","Paperback","242","Infilpress","[2005-10-15]",""
"Medio","[9780970910141]","Recipes for Disaster","An Anarchist Cookbook","Crimethinc","Paperback","624","CrimethInc. Ex-Workers' Collective","[2005-01-01]",""
"Medio","[9780970910103]","Days of War, Nights of Love","Crimethink For Beginners","Crimethinc","Paperback","292","CrimethInc.","[2001-01-01]",""
"Medio","[9781559707794]","The Natashas","Inside the New Global Sex Trade","Victor Malarek","Paperback","320","Arcade Publishing","[2005-09-12]",""
"Alto","[9788889091081]","Fidati! Gli esperti siamo noi","Come la scienza corrotta minaccia il nostro futuro","John Stauber, Sheldon Rampton","Altri","290","Nuovi Mondi Media","[2004-01-01]",""
"Alto","[9788889091272]","Farmaci che ammalano e case farmaceutiche che ci trasformano in pazienti","","Alan Cassels, Ray Moynihan","Altri","219","Nuovi Mondi Media","[2005-01-01]",""
"Alto","[9788890063077]","American nightmare","Incubo americano","Sbancor","Altri","171","Nuovi Mondi Media","[2003-01-01]",""
"Alto","[9788804422495]","Io sono leggenda","Urania 1292, edizione per libreria 4","Richard Matheson","Altri","224","Mondadori (Urania per Libreria)","[1996-09-15]",""
"Alto","[9788838470394]","Eroi per forza","Sono i vincitori a dettare la storia","Erik Durschmied","Altri","495","Piemme","[2004-01-01]",""
"Alto","[9788817003612]","Odissee","Italiani sulle rotte del sogno e del dolore","Gian Antonio Stella","Altri","212","Rizzoli","[2004-01-01]",""
"Alto","[9788804479550]","Schei","","Gian Antonio Stella","Altri","","Mondadori","[2000-01-01]",""
"Basso","[9788881856329]","Francesco Guccini","Storie di vita quotidiana","Andrea Sanfilippo","Altri","240","Bastogi Editrice Italiana","[2004-01-01]",""
"Alto","[9788842814184]","Compagni che sbagliano","La sinistra al governo e altre storie della nuova Italia","Gianni Barbacetto","Altri","286","Il Saggiatore","[2007-01-01]",""
"Alto","[9788888161341]","Pronti a tutto","Emergenza e pericoli in agguato","Zanti Tony","Altri","192","Dossier","[2002-01-01]",""
"Basso","[9788888829050]","Il mio Danubio","In bicicletta lungo il fiume d'Europa","Guillame Prébois","Altri","172","Ediciclo","[2004-01-01]",""
"Basso","[9788885327603]","Passi e valli in bicicletta","Emilia Romagna. Province di Piacenza, Parma e Reggio Emilia","Alberto Ferraris","Paperback","168","Ediciclo (Passi e valli d'Europa; 2)","[1996-02-01]",""
"Alto","[9788889026007]","Il terrorismo islamico in Italia","Realtà e finzione","Corbucci Carlo","Paperback","288","Gruppo Editoriale Agorà","[2003-01-01]",""
"Medio","[9788806156169]","Desideriamo informarla che domani verremo uccisi con le nostre famiglie","Storie dal Ruanda","Philip Gourevitch","Altri","378","Einaudi","[2000-01-01]",""
"Medio","[9788889091210]","Nuoce gravemente ai luoghi comuni","Manuale di autodifesa intellettuale","Michael Zezima","Altri","166","Nuovi Mondi Media","[2005-01-01]",""
"Medio","[9788860840226]","Storia d'Italia al rovescio (2006-2001)","","Leonardo","Altri","90","Unwired Media","[2006-01-01]",""
"Medio","[9788887826449]","La nuova democrazia","Illusioni di civiltà nell'era dell'egemonia Usa","Antonella Randazzo","Altri","484","Zambon Editore","[2007-01-01]",""
"Medio","[9788842072034]","Il fascino oscuro della guerra","","Chris Hedges","Altri","199","Laterza","[2004-01-01]",""
"Medio","[9788820035563]","ONU","Debolezze e contraddizioni di una istituzione indispensabile per la pace","Linda Polman","Altri","295","Sperling & Kupfer","[2003-01-01]",""
"Medio","[9780321369444]","How to Break Web Software","Functional and Security Testing of Web Applications and Web Services","James A. Whittaker, Mike Andrews","Paperback","240","Pearson Education (US)","[2006-02-02]",""
"Medio","[9788804546993]","I guardiani della notte","","Sergej Luk'janenko","Copertina rigida","496","Mondadori","[2005-05-01]",""
"Alto","[9788804394488]","Il guinness dei fiaschi militari","","Geoffrey Regan","Altri","300","Mondadori","[1995-01-01]",""
"Alto","[9788888865331]","American punk hardcore","","Steven Blush","Altri","462","Shake","[2007-01-01]",""
"Medio","[9788817873055]","Il cuore oscuro dell'Italia","Un viaggio tra odio e amore","Tobias Jones","Copertina rigida","311","Rizzoli","[2003-01-01]",""
"Medio","[9788884908728]","Please kill me","Il punk nelle parole dei suoi protagonisti","Legs McNeil, Gillian McCain","Paperback","631","Baldini Castoldi Dalai","[2006-01-01]",""
"Medio","[9788807816413]","L'uomo flessibile","Le conseguenze del nuovo capitalismo sulla vita personale","Richard Sennett","Paperback","160","Feltrinelli","[2001-03-23]",""
"Medio","[9788882390761]","Il risparmio tradito","Come difendersi da bancari, assicuratori","Beppe Scienza","Altri","191","Cortina (Torino)","[2001-01-01]",""
"Basso","[9788871805450]","In God we trust","Evangelici e fondamentalisti cristiani negli Stati Uniti","Sebastien Fath","Altri","272","Lindau","[2005-01-01]",""
"Medio","[9788804398172]","Il sole nudo","","Isaac Asimov","Paperback","242","Arnoldo Mondadori (Oscar Bestsellers)","[1995-01-01]",""
"Basso","[9788804057338]","Addio alle armi","","Ernest Hemingway","Altri","384","Mondadori","[1986-01-01]",""
"Alto","[9788838433450]","Non mi uccidere","La trilogia di Mirta-Luna, volume 1","Chiara Palazzolo","Paperback","432","Piemme (Mini Pocket)","[2007-03-01]",""
"Basso","[9788888738901]","Post-work","Per la fine del lavoro senza fine","Stanley Aronowitz","Altri","298","DeriveApprodi","[2006-01-01]",""
"Medio","[9788807813023]","Novecento","Un monologo","Alessandro Baricco","Paperback","62","Feltrinelli (Universale Economica, 1302)","[1994-10-01]",""
"Medio","[9788834708217]","Havana glam","","Wu Ming","Paperback","407","Fanucci","[2001-01-01]",""
"Medio","[9788817014632]","Don Chisciotte della Mancia","","Miguel de Cervantes Saavedra","Altri","1311","BUR Biblioteca Univ. Rizzoli","[2007-01-01]",""
"Medio","[9788888829081]","Guida pratica alla manutenzione della bicicletta da strada","","Zampieri Stefano, Scavezzon Martino, Scavezzon Emilio","Altri","96","Ediciclo","[2006-01-01]",""
"Medio","[9788860680365]","L' odore del fieno","","Sara Durantini","","96","Pequod","[2007-01-01]",""
"Medio","[9788804411505]","I robot e l'impero","","Isaac Asimov","Paperback","387","Arnoldo Mondadori (Oscar Bestsellers)","[1996-01-01]",""
"Medio","[9788804403036]","I robot dell'alba","","Isaac Asimov","Paperback","484","Arnoldo Mondadori (Oscar Bestsellers, 567)","[1995-06-01]",""
"Medio","[9788842906452]","Largo! Largo!","Nord - SF Narrativa d'anticipazione, 40","Harry Harrison","Paperback","233","Nord - SF Narrativa d'anticipazione","[1983-10-01]",""
"Medio","[9788834710548]","I cinquecento milioni della Bégum","","Jules Verne","Altri","267","Fanucci","[2005-01-01]",""
"Medio","[9788804403043]","Abissi d'acciaio","","Isaac Asimov","Altri","259","Mondadori (Oscar Bestsellers)","[1995-01-01]",""
"Medio","[9788804533498]","Garbageland","","Juan Abreu","Paperback","207","Mondadori (Oscar Piccola Biblioteca; 378)","[2004-01-01]",""
"Medio","[9788807819353]","L'isola di cemento","","J. G. Ballard","Altri","155","Feltrinelli","[2007-01-01]",""
"Medio","[9788807803260]","La nuvola nera","","Fred Hoyle","Paperback","264","Feltrinelli","[2003-09-01]",""
"Medio","[9788861900004]","Italiopoli","","Oliviero Beha","Paperback","250","Chiarelettere (Reverse)","[2007-05-01]",""
"Medio","[9788842042648]","Da Craxi a Craxi","","Elio Veltri","Altri","310","Laterza","[1993-01-01]",""
"Medio","[9788835955559]","Il topino intrappolato","Legalità, questione morale e centrosinistra","Elio Veltri","Altri","302","Editori Riuniti","[2005-01-01]",""
"Medio","[9788830424005]","Il governo dei conflitti","","Elio Veltri, Francesco Paola","Copertina rigida","202","Longanesi","[2006-01-01]",""
"Medio","[9788811600657]","Uliwood party","Figure e figurine, figuri e figuracce del primo anno di centro-sinistra(-destra)","Marco Travaglio","Altri","428","Garzanti Libri","[2007-01-01]",""
"Medio","[9788842813958]","La scomparsa dei fatti","Si prega di abolire le notizie per non disturbare le opinioni","Marco Travaglio","Altri","316","Il Saggiatore","[2006-12-01]",""
"Medio","[9788861900028]","Mani sporche","","Peter Gomez, Marco Travaglio, Gianni Barbacetto","Paperback","930","Chiarelettere (Principio attivo)","[2007-12-06]",""
"Medio","[9788817013154]","Goodbye Europa","Cronache di un declino economico e politico","Francesco Giavazzi, Alberto Alesina","Altri","217","Rizzoli","[2006-01-01]",""
"Medio","[9788842072737]","Cosa nostra","Storia della mafia siciliana","John Dickie","Copertina rigida","506","Laterza ","[2006-01-01]",""
"Medio","[9788823831247]","Effetto Wal-Mart","Il costo nascosto della convenienza","Charles Fishman","Altri","272","EGEA","[2006-01-01]",""
"Medio","[9788804551768]","Breve storia del progresso","","Ronald Wright","Altri","190","Mondadori","[2006-01-01]",""
"Medio","[9788889091388]","CENSURA","Las 25 noticias más censuradas","Peter Phillips Y Project Censored","Paperback","390","Nuovi Mondi Media","[2006-06-01]",""
"Medio","[9788889091395]","Il codice nascosto","Perché viviamo, compriamo, amiamo. E perché lo facciamo in questo modo.","Clotaire Rapaille","Copertina morbida e spillati","190","Nuovi Mondi Media","[2006-10-01]",""
"Medio","[9788806172473]","La mattanza","Dal silenzio sulla mafia al silenzio della mafia","Carlo Lucarelli","Altri","79","Einaudi","[2004-01-01]",""
"Medio","[9788811667018]","Quer pasticciaccio brutto de via Merulana","","Carlo Emilio Gadda","Paperback","275","Garzanti","[1995-06-01]",""
"Medio","[9788820036218]","La mucca viola","Farsi notare (e fare fortuna) in un mondo tutto marrone","Seth Godin","Altri","212","Sperling & Kupfer","[2004-01-01]",""
"Medio","[9788872262092]","Svastica","","Charles Bukowski","Paperback","32","Nuovi Equilibri","[1994-01-01]",""
"Medio","[9788881126781]","Trattato di ateologia","Fisica della metafisica","Michel Onfray","Paperback","224","Fazi","[2005-09-01]",""
"Medio","[9788804533085]","Il libro dei coniglietti suicidi","","Andy Riley","Altri","84","Mondadori","[2004-01-01]",""
"Medio","[9788838486593]","Attenti al dragone","Quando la Cina varca i confini, il mondo trema","Erik Durschmied","Altri","543","Piemme","[2006-01-01]",""
"Medio","[9788806165215]","Underground","Racconto a più voci dell'attentato alla metropolitana di Tokyo","Haruki Murakami","Paperback","447","Einaudi","[2003-01-01]",""
"Medio","[9788817202855]","Conversazione in Sicilia","In appendice una corrispondenza immaginaria dal fronte spagnolo","Elio Vittorini","Paperback","353","Rizzoli (BUR)","[2000-01-01]",""
"Medio","[9788872268285]","Potassa","Storie di sovversivi, migranti, erranti, sottratti alla polvere degli archivi","Alberto Prunetti","Altri","102","Nuovi Equilibri","[2004-01-01]",""
"Medio","[9788804493020]","Il ponte sulla Drina","","Ivo Andrić","Paperback","403","Mondadori","[2001-01-01]",""
"Medio","[9788806154950]","Maus","Racconto di un sopravvissuto","Art Spiegelman","Paperback","291","Einaudi (Stile Libero, 795)","[2000-01-01]",""
"Medio","[9788880895152]","Fine millennio: istruzioni per l'uso","","J. G. Ballard","Paperback","423","Baldini&Castoldi","[1999-01-01]",""
"Medio","[9780275993030]","Counterinsurgency Warfare","Theory and Practice","David Galula","Paperback","112","ABC-CLIO","[2006-08-30]",""
"Alto","[9780922915866]","War is a Racket","The Anti-War Classic by America's Most Decorated General","Smedley D. Butler","Paperback","120","Feral House","[2003-04-01]",""
"Medio","[9788806187316]","Le benevole","","Jonathan Littell","Copertina rigida","953","Einaudi (Supercoralli)","[2007-09-01]",""
"Medio","[9788806183554]","Amalgamation Polka","","Stephen Wright","Tascabile economico","354","Einaudi","[2007-01-01]",""
"Basso","[9788806187194]","Se consideri le colpe","","Andrea Bajani","Altri","170","Einaudi","[2007-10-23]",""
"Alto","[9788895029085]","Lumi di punk","La scena italiana raccontata dai protagonisti","Marco Philopat","Altri","235","Agenzia X","[2006-01-01]",""
"Medio","[9788820043834]","Blaze","","Stephen King","Copertina rigida","464","Sperling & Kupfer","[2007-12-07]",""
"Medio","[9780945466444]","What Has Government Done to Our Money? Case for the 100 Percent Gold Dollar","","Murray N. Rothbard","Copertina rigida","191","Ludwig von Mises Institute","[2005-09-20]",""
"Medio","[9781933550084]","Panic of 1819 Reactions and Policies","","","Copertina rigida","282","Ludwig von Mises Institute","[2007-04-10]",""
"Medio","[9788876418167]","La paura","","Federico De Roberto","Paperback","80","edizioni e/o","[2008-01-01]",""
"Medio","[9788872265222]","Cosa è la psichiatria","Manuale minimo per conoscere meglio la (propria) follia","Enrico Baraldi","Altri","64","Nuovi Equilibri","[1999-01-01]",""
"Medio","[9788884900319]","Il derviscio e la morte","","Meša Selimović","Altri","426","Baldini Castoldi Dalai","[2001-01-01]",""
"Alto","[9788807710070]","Le ambiguità degli aiuti umanitari","Indagine critica sul Terzo settore","Giulio Marcon","Altri","184","Feltrinelli","[2002-01-01]",""
"Medio","[9788807710223]","Come fare politica senza entrare in un partito","","Giulio Marcon","Altri","184","Feltrinelli","[2005-01-01]",""
"Medio","[9788842814863]","Economia canaglia","Il lato oscuro del nuovo ordine mondiale","Loretta Napoleoni","Paperback","310","il Saggiatore","[2008-03-01]",""
"Medio","[9788806189051]","Tilt","","Caterina Serra","Copertina rigida","","Einaudi","[2008-01-01]",""
"Medio","[9788861900349]","Nostra eccellenza","","Massimo Cirri, Filippo Solibello","Paperback","181","Chiarelettere (Reverse)","[2008-02-07]",""
"Medio","[9788817845427]","La nuova schiavitù","","Pino Arlacchi","Altri","","Rizzoli","[1999-01-01]",""
"Medio","[9788890009952]","Le mucche non mangiano cemento","Viaggio tra gli ultimi pastori di Valsusa e l'avanzata del calcestruzzo","Chiara Sasso, Luca Mercalli","Altri","320","SMS","[2004-01-01]",""
"Medio","[9788835957270]","La decrescita felice","La qualità della vita non dipende dal PIL","Maurizio Pallante","Altri","134","Editori Riuniti","[2005-01-01]",""
"Medio","[9788835955313]","Un futuro senza luce? Come evitare i black out senza costruire nuove centrali","","Maurizio Pallante","Altri","167","Editori Riuniti","[2004-01-01]",""
"Medio","[9788833916231]","Come sopravvivere allo sviluppo","Dalla decolonizzazione dell'immaginario economico alla costruzione di una società alternativa","Serge Latouche","Paperback","105","Bollati Boringhieri","[2005-01-01]",""
"Medio","[9788830713550]","Decolonizzare l'immaginario","Il pensiero creativo contro l'economia dell'assurdo","Serge Latouche","Altri","176","EMI","[2004-01-01]",""
"Medio","[9788815033604]","Da sudditi a cittadini","Le vie dello Stato e le vie della societa civile (Studi e ricerche)","Giovanna Zincone","Altri","321","Il Mulino","[1992-01-01]",""
"Medio","[9788842815419]","Roba nostra","Storia di soldi, politica, giustizia nel sistema del malaffare","Carlo Vulpio","Altri","254","Il Saggiatore","[2008-01-01]",""
"Basso","[9788804555629]","Il dito e la luna","Racconti zen, haiku, koan","Alejandro Jodorowsky","Altri","173","Mondadori","[2006-01-01]",""
"Alto","[9788804531951]","Alla ricerca della stupidità","20 anni di disastri hi-tech","Chapman Merril R.","Altri","320","Mondadori Informatica","[2004-01-01]",""
"Medio","[9788874350568]","Il codice segreto dei Samurai","Hagakure","Yamamoto Tsunetomo","Altri","195","Luni","[2004-01-01]",""
"Medio","[9788879288248]","Io non compro","Un anno senza acquisti: un'esperienza per riflettere sul potere del mercato","Judith Levine","Altri","243","Ponte alle Grazie","[2006-01-01]",""
"Medio","[9788876151842]","Manuale dello scroccone","Come vivere bene senza pagare","Giuseppe Lagan","Altri","164","Castelvecchi","",""
"Medio","[9788844029586]","Duecento modi per risparmiare 2000 euro l'anno","","Andrea Benedet","Paperback","256","Giunti Demetra","[2004-01-01]",""
"Medio","[9788876151439]","Vivere semplice","Come spendere bene quel poco che ci è rimasto ed essere felici","Mazza Antonio","Paperback","217","Castelevcchi","[2000-01-01]",""
"Medio","[9788879722285]","Semplice abbondanza","Una guida giornaliera al benessere e alla gioia","Sarah Ban Breathnach","Copertina rigida","","","[1997-01-01]",""
"Medio","[9788845260452]","Mele","","Richard Milward","Paperback","243","Bompiani","[2008-xx-xx]",""
"Medio","[9788887307528]","Comunità e decrescita","Critica della ragion mercantile dal sistema dei consumi globali alla civiltà dell'economia globale","Alain De Benoist","Altri","224","Arianna Editrice","[2005-01-01]",""
"Medio","[9788806180522]","La giostra dei criceti","","Antonio Manzini","Paperback","242","Einaudi (Stile Libero Noir)","[2007-xx-xx]",""
"Medio","[9788842814870]","Fine pena mai","Quanto ti costano i tempi dei processi anche se non metti mai piede in un tribunale","Luigi Ferrarella","Altri","","Il Saggiatore","[2008-01-01]",""
"Medio","[9788807017278]","Barbablù","","Kurt Vonnegut","Copertina morbida e spillati","239","Feltrinelli","[2007-01-01]",""
"Medio","","Walden","ovvero la vita nei boschi","Henry D. Thoreau","Copertina morbida e spillati","314","Biblioteca Universale Rizzoli","[1964-10-01]",""
"Medio","[9788804555414]","I vagabondi del Dharma","","Jack Kerouac","Altri","272","Mondadori","[2006-01-01]",""
"Medio","","La famiglia Robinson","","Johann David Wyss","Copertina rigida","246","Arnoldo Mondadori Editore","[1983-01-01]",""
"Medio","[9788845249570]","Come trattare gli altri e farseli amici","","Dale Carnegie","Paperback","262","Bompiani (Tascabili Bompiani, 120)","[2001-01-01]",""
"Medio","","Furore","","John Steinbeck","Paperback","491","Bompiani","[1963-01-01]",""
"Medio","[9788879834742]","La ricchezza delle nazioni","","Adam Smith","Altri","834","Newton & Compton","[2005-01-01]",""
"Medio","[9788806296605]","Il giovane Holden","","J.D. Salinger","Tascabile economico","248","Einaudi (Gli struzzi; 6)","[1970-xx-xx]",""
"Medio","[9788804493044]","Il grande Gatsby","","Francis Scott Fitzgerald","Paperback","272","Arnoldo Mondadori (Oscar classici moderni)","[2001-01-xx]",""
"Medio","[9788854106918]","I fratelli Karamazov","","Fedor M. Dostoevskij","Paperback","752","Newton & Compton","[2007-01-01]",""
"Medio","[9788884901279]","Il nudo e il morto","","Norman Mailer","Altri","864","Baldini Castoldi Dalai","[2002-01-01]",""
"Medio","[9788849403435]","Cyrano de Bergerac","","Edmond Rostand","Altri","80","Petrini Editore","",""
"Medio","[9788804487784]","Tropico del Cancro","","Henry Miller","Paperback","382","Arnoldo Mondadori Editore","[2000-09-01]",""
"Medio","[9788817680370]","La sottile linea rossa","","James Jones","Altri","499","Rizzoli","[1999-01-01]",""
"Medio","[9788804495871]","La valle dell'Eden","","John Steinbeck","Altri","680","Mondadori","[2001-01-01]",""
"Medio","[9788804420972]","Il lupo della steppa","","Hermann Hesse","Paperback","194","Mondadori","[1996-11-26]",""
"Medio","[9788806177065]","Delitto e castigo","","Fedor M. Dostoevskij","Paperback","654","Einaudi (ET, 121)","[2005-01-01]",""
"Medio","[9788875200091]","Cronache anarchiche","Dall'America e dai confini del mondo","Denis Johnson","Altri","261","Alet Edizioni","[2005-01-01]",""
"Medio","[9788806149390]","Meridiano di sangue","","Cormac McCarthy","Paperback","343","Einaudi","[1998-01-01]",""
"Medio","[9788875214845]","In territorio nemico","","SIC - Scrittura Industriale Collettiva","Paperback","308","Minimum Fax (Nichel)","[2013-04-xx]",""
"Medio","[9788809777965]","Day hospital","","Valerio Evangelisti","Paperback","112","Giunti (Italiana)","[2013-04-24]",""
"Medio","[9788806210755]","Point Lenana","","Roberto Santachiara, Wu Ming 1","Paperback","596","Einaudi (Stile Libero Big)","[2013-04-xx]",""
"Medio","[9788806195526]","Educazione siberiana","","Nicolai Lilin","Copertina rigida","347","Einaudi (Supercoralli)","[2009-03-01]",""
"Medio","[9788806211202]","La pattuglia dell'alba","","Don Winslow","Paperback","366","Einaudi (Super ET)","[2012-03-01]",""
"Medio","[9788895029658]","Amianto","Una storia operaia","Alberto Prunetti","Paperback","160","Agenzia X","[2012-11-28]",""
"Medio","","Il Linguaggio delle Pietre","Alla scoperta dell'Italia megalitica","Furio Jesi","Copertina rigida","206","Rizzoli","[1978-01-01]",""
"Medio","[9788806117757]","Materiali mitologici","Mito e antropologia nella cultura mitteleuropea","Furio Jesi","Paperback","342","Einaudi (Piccola Biblioteca, 363)","[1979-02-01]",""
"Medio","[9788874522835]","Cultura di destra","Con tre inediti e un'intervista","Furio Jesi","Paperback","297","Nottetempo","[2011-03-01]",""
"Medio","","La festa","Antropologia, etnologia, folklore","","Tascabile economico","215","Rosenberg & Sellier","[1977-06-01]",""
"Medio","[9788815147103]","Il futuro alle spalle","","Hannah Arendt","Altri","180","","[1981-01-01]",""
"Medio","[9788896238639]","Delta blues","","Kaizen","Paperback","272","Edizioni Ambiente (Verdenero Romanzi)","[2010-10-20]",""
"Medio","[9780691155814]","Against Security","How We Go Wrong at Airports, Subways, and Other Sites of Ambiguous Danger","Harvey L. Molotch","Copertina rigida","278","Princeton University Press","[2012-08-26]",""
"Medio","[9788842089896]","Attenti al sondaggio!","","Paolo Natale","Altri","","Laterza","",""
"Medio","[9788883531705]","La spirale del silenzio","Per una teoria dell'opinione pubblica","Elisabeth Noelle-Neumann","Altri","432","Meltemi","[2002-01-01]",""
"Medio","","Antistoria degli Italiani","","Giordano Bruno Guerri","Paperback","","","",""
"Medio","[9788804403005]","Paria dei cieli","","Isaac Asimov","Paperback","256","Mondadori (Oscar Bestsellers)","[1995-01-01]",""
"Medio","[9788882468439]","Paddy Clarke ah ah ah!","","Roddy Doyle","Altri","285","Guanda","[2005-01-01]",""
"Medio","[9788882461867]","Cacciatori di teste","","John King","Altri","336","Guanda","[2000-01-01]",""
"Medio","[9788807818196]","Licenziare i padroni?","","Massimo Mucchetti","Paperback","249","Feltrinelli","[2004-01-01]",""
"Medio","[9788845266522]","Il centenario che saltò dalla finestra e scomparve","","Jonas Jonasson","Paperback","446","Bompiani","[2011-04-06]",""
"Medio","[9788861900127]","Prepariamoci","A vivere in un mondo con meno risorse, meno energia, meno abbondanza... e forse più felicità","Luca Mercalli","Paperback","224","Chiarelettere","[2011-05-01]",""
"Medio","[9788876414954]","A rotta di collo","","Valerio Aiolli","Altri","224","E/O","[2002-01-01]",""
"Medio","[9788861903777]","Banchieri & compari","Come malafinanza e cattivo capitalismo si mangiano i soldi dei risparmiatori","Gianni Dragoni","Paperback","154","Chiarelettere (Principioattivo)","[2012-11-22]",""
"Medio","[9788806156985]","Educazione di una canaglia","","Edward Bunker","Paperback","523","Einaudi (Tascabili stile libero, 990)","[2002-05-xx]",""
"Medio","[9788807810770]","Il bar sotto il mare","","Stefano Benni","Paperback","198","Feltrinelli (Universale Economica, 1077)","[1989-06-xx]",""
"Medio","[9788870630930]","La guida del giovane papà","","Jean-Louis Festjens, Pierre Antilogus","Altri","230","EDT","[1991-01-01]",""
"Medio","[9788804414773]","Ulisse","","James Joyce","Paperback","1048","Mondadori (Oscar Classici Moderni)","[2000-01-01]",""
"Medio","[9788884903334]","Uno zoo lungo la strada","","Tom Robbins","Altri","175","Baldini Castoldi Dalai","[2003-01-01]",""
"Medio","[9788804382133]","Paradiso perduto","","Henry Miller","Altri","179","Mondadori","",""
"Medio","[9788817165624]","Timore e tremore","Aut-Aut (Diapsalmata)","Søren Kierkegaard","Paperback","192","BUR Biblioteca Univ. Rizzoli","[1994-01-01]",""
"Medio","[9788884909749]","Il Gallo di Ferro","In treno attraverso la Cina","Paul Theroux","Altri","","Baldini Castoldi Dalai","[2006-01-01]",""
"Medio","[9788845247491]","Il pendolo di Foucault","","Umberto Eco","Paperback","687","Bompiani (Bestseller 142)","[1988-01-01]",""
"Medio","[9788804466789]","Tracce","","Gary Paulsen","Copertina rigida","126","Mondadori","[1999-04-01]",""
"Medio","","Medium","","Giuseppe Genna","Paperback","","Lulu.com","[2007-03-01]",""
"Medio","[9788895029207]","Roma K.O.","Romanzo d'amore droga e odio di classe","Marco Philopat, Duka","Altri","222","Agenzia X","[2008-01-01]",""
"Medio","[9788888865058]","I viaggi di Mel","","Marco Philopat","Altri","319","Shake","[2004-01-01]",""
"Medio","[9788872267967]","Fedeli alla roba","Romanzo di un naufragio generazionale","Bruno Panebarco","Altri","270","Nuovi Equilibri","[2004-01-01]",""
"Medio","[9788888738499]","Miccia corta","Una storia di Prima linea","Sergio Segio","Altri","256","DeriveApprodi","[2005-01-01]",""
"Medio","[9788804573005]","Vicini da morire","La strage di Erba e il nord Italia divorato dalla paura","Pino Corrias","Altri","","Mondadori","[2007-10-16]",""
"Medio","[9788817018425]","Bilal","Il mio viaggio da infiltrato nel mercato dei nuovi schiavi","Fabrizio Gatti","Copertina morbida e spillati","493","Rizzoli","[2007-10-31]",""
"Medio","[9788879289382]","Slow travel","Alla ricerca del lusso di perdere tempo","Gaia De Pascale","Altri","","Ponte alle Grazie","[2008-01-01]",""
"Medio","[9788811740803]","Meritocrazia","Quattro proposte concrete per valorizzare il talento e rendere il nostro paese più ricco e più giusto","Roger Abravanel","Altri","","Garzanti Libri","[2008-01-01]",""
"Medio","[9788875780142]","Tutto, e di più","Storia compatta dell'infinito","David Foster Wallace","Paperback","262","Codice","[2005-01-01]",""
"Medio","[9788887765342]","Verso Occidente l'Impero dirige il suo corso","","David Foster Wallace","Paperback","217","Minimum Fax","[2001-04-01]",""
"Medio","[9788874966714]","Taccuino di una sbronza","","Paolo Roversi","Copertina rigida","192","Kowalski","[2008-09-04]",""
"Medio","[9788846200037]","Congo","","Michael Crichton","Paperback","384","Superpocket (Superpocket Bestseller)","[1997-01-01]",""
"Medio","[9788811660989]","Sol levante","","Michael Crichton","Altri","416","Garzanti Libri","[1992-01-01]",""
"Medio","[9780201616224]","The Pragmatic Programmer","From Journeyman to Master","David Thomas, Andy Hunt","Paperback","352","Pearson Education (US)","[1999-10-20]",""
"Medio","[9788807840173]","C'era una volta l'amore ma ho dovuto ammazzarlo","","Efraim Medina Reyes","Paperback","173","Feltrinelli (Super UE Feltrinelli)","[2002-06-01]",""
"Medio","[9788806160012]","Il declino delle guerre civili americane","","George Saunders","Tascabile economico","171","Einaudi","[2005-02-xx]",""
"Medio","","Autobiografia di Emma Goldman","Vivendo la mia vita. Volume I (1889-1899)","Emma Goldman","Altri","223","La Salamandra","[1980-01-01]",""
"Medio","[9780962959172]","The Teenage Liberation Handbook","How to Quit School and Get a Real Life and Education","Grace Llewellyn","Paperback","435","Lowry House Pub","[1998-09-01]",""
"Medio","[9781931498555]","A Language Older Than Words","","Derrick Jensen","Paperback","412","Chelsea Green","[2004-03-01]",""
"Medio","[9781583227305]","Endgame","Volume 1: The Problem of Civilization","Derrick Jensen","Paperback","528","Seven Stories Press","[2006-06-01]",""
"Medio","[9781583227770]","As the World Burns","50 Simple Things You Can Do to Stay in Denial","Derrick Jensen","Paperback","220","Seven Stories Press","[2007-11-19]",""
"Medio","[9788842807315]","Ishmael","","Daniel Quinn","Copertina rigida","240","Il Saggiatore","[1999-01-01]",""
"Medio","[9788885378414]","Assata","Un'autobiografia","Assata Shakur","Altri","448","Massari","[1992-01-01]",""
"Medio","[9780201835953]","The Mythical Man-Month","Essays on Software Engineering, 20th  Anniversary Edition","Frederick P. Brooks","Paperback","336","Addison-Wesley Professional","[1995-08-02]",""
"Medio","[9781556159008]","Rapid Development","","Steve McConnell","Paperback","680","Microsoft Press","[1996-07-02]",""
"Medio","[9780672326141]","The Inmates Are Running the Asylum","Why High Tech Products Drive Us Crazy and How to Restore the Sanity (2nd Edition)","Alan Cooper","Paperback","288","Sams","[2004-02-24]",""
"Medio","[9788809743793]","The giver","Il donatore","Lois Lowry","Copertina rigida","249","Giunti (Y)","[2010-xx-xx]",""
"Medio","[9781558605824]","GUI Bloopers","Don'ts and Do's for Software Developers and Web Designers (The Morgan Kaufmann Series in Interactive Technologies)","Johnson, Jeff Johnson, Jeff VanderMeer","Paperback","584","Morgan Kaufmann","[2000-03-17]",""
"Medio","[9788842914365]","Una stanza piena di gente","Un uomo, 24 personalità: la storia vera che ha sconvolto l'America","Daniel Keyes","Paperback","541","Nord (Fuori collana)","[2009-01-01]",""
"Medio","[9788804524656]","Il paese delle pazze risate","","Jonathan Carroll","Paperback","263","Arnoldo Mondadori (Strade blu)","[2004-01-01]",""
"Medio","[9788807814525]","Istruzioni per rendersi infelici","","Paul Watzlawick","Paperback","112","Feltrinelli","[1997-01-01]",""
"Medio","[9780735619678]","Code Complete","Second Edition","Steve McConnell","Paperback","960","Microsoft Press","[2004-06-01]",""
"Medio","[9781562058104]","Designing Web Usability","The Practice of Simplicity","Jakob Nielsen","Paperback","432","Peachpit Press","[1999-12-20]",""
"Medio","[9788863072884]","Persi nel vuoto","","Vincenzo Malara","Altri","","Zerounoundici","",""
"Medio","[9788861900301]","Toghe rotte","","","Paperback","181","Chiarelettere (Reverse)","[2007-09-01]",""
"Medio","[9788879530613]","Il grande inganno","La banda del partito-azienda berlusconiano raccontata da un ex deputato di ""Forza Italia"".","Caccavale Michele","Altri","215","Kaos Edizioni","[1997-04-01]",""
"Medio","[9788817023771]","Ecofollie. Per uno sviluppo (in)sostenibile. Con DVD","","Milena Gabanelli","Altri","","BUR Biblioteca Univ. Rizzoli","",""
"Medio","[9788895200057]","Milano è un'arma","","Francesco Gallone","Tascabile economico","263","Eclissi","[2008-02-01]",""
"Medio","[9788854114302]","Roma noir","Credi davvero di conoscere la Capitale?","Cristiano Armati","Paperback","239","Newton Compton (Noir)","[2009-02-01]",""
"Alto","","Ritorno al passato","La fine dell'era del petrolio e il futuro che ci attende","Andrea Bizzocchi","Tascabile economico","","Libro Autoprodotto","",""
"Medio","[9788887913408]","Bubba Ho-Tep","","Joe R. Lansdale","Altri","96","Addictions-Magenes Editoriale","[2004-01-01]",""
"Medio","[9788817025492]","Prevedibilmente irrazionale","","Dan Ariely","Copertina rigida","294","Rizzoli","[2008-01-01]",""
"Medio","[9788804584766]","Zulu","","Caryl Férey","Paperback","347","","",""
"Alto","[9788854109148]","La compagna P38","Il romanzo delle Brigate Rosse","Dario Morgante","Paperback","240","Newton Compton","[2007-11-01]",""
"Medio","","Lo Stato falsario","Ecco cosa i governi hanno fatto ai nostri soldi","Murray Rothbard","Tascabile economico","112","Leonardo Facco Editore","",""
"Medio","[9788860300706]","L' oceano borderline","Racconti di viaggi","Luigi Cancrini","Altri","31","Cortina Raffaello","[2006-01-01]",""
"Medio","[9788860888662]","Irlandese al 57%","","Roddy Doyle","Paperback","282","Guanda","[2009-06-xx]",""
"Medio","[9788876418686]","Mele marce","Marbella Noir","Juan Madrid","Paperback","261","Edizioni e/o","[2009-07-03]",""
"Medio","[9788887658835]","La ballata del Corazza","","Wu Ming, Onofrio Catacchio","Altri","48","Edizioni BD","[2005-01-01]",""
"Medio","[9788888775036]","Ti chiamerò Russel","Romanzo totale 2002","Wu Ming","Altri","120","Corso Bacchilega","[2002-01-01]",""
"Medio","[9788878195561]","Buonanotte, signor Lenin","","Tiziano Terzani","Altri","423","TEA","[1994-01-01]",""
"Medio","[9788854502970]","Risorse umane","","Antonio Ortuño","Altri","165","Neri Pozza","[2008-01-01]",""
"Medio","[9788806187767]","Sway","","Zachary Lazar","Copertina morbida e spillati","269","Einaudi","[2009-01-01]",""
"Medio","[9788804506539]","Il grande nulla","","James Ellroy","Altri","461","Mondadori","[2002-01-01]",""
"Medio","[9788804399971]","White Jazz","","James Ellroy","Paperback","381","Mondadori","[1995-01-01]",""
"Medio","[9788817033046]","La resa del conto. Confessioni di un cameriere senza pietà","","Steve Dublanica","Altri","","Rizzoli","",""
"Medio","[9788807816383]","In ogni caso nessun rimorso","","Pino Cacucci","Paperback","308","Feltrinelli (Universale Economica Feltrinelli; 1638)","[2001-01-01]",""
"Medio","[9788889014561]","Fuoco!","","Giancarlo De Cataldo","Paperback","232","Edizioni Ambiente","[2007-xx-xx]",""
"Medio","[9788896238042]","Vite spericolate","","Patrick Fogli","Paperback","203","Ambiente","[2009-05-01]",""
"Medio","[9788842089971]","SOS economia","Ovvero la crisi spiegata ai comuni mortali","Fabrizio Galimberti","Paperback","154","Laterza","[2009-03-01]",""
"Medio","[9788815062376]","Euforia irrazionale","Analisi dei boom di borsa","Robert J. Shiller","Altri","344","Il Mulino","[2000-01-01]",""
"Medio","[9788889091470]","Un gioco vecchio come il mondo","Il mondo segreto dei sicari dell'economia e della rete globale della corruzione","","Paperback","388","Nuovi Mondi Media","[2008-07-xx]",""
"Medio","[9788854108486]","Islampunk","","Michael Muhammad Knight","Paperback","317","Newton & Compton","[2007-06-01]",""
"Medio","[9788804566960]","Scorciatoie per l'inferno","Storie vere dal mondo del crimine","","Paperback","370","A. Mondadori (Strade blu)","[2007-01-01]",""
"Medio","[9788804528555]","Il karma del gorilla","","Sandrone Dazieri","Paperback","293","Mondadori","[2006-01-01]",""
"Medio","[9788804545248]","La legge del bar e altre comiche","","Francesco Guccini","Paperback","110","Mondadori","[2005-01-01]",""
"Medio","[9788804588757]","Il genio criminale","Storie di spie, ladri e truffatori","Carlo Lucarelli, Massimo Picozzi","Paperback","202","Mondadori","[2009-04-01]",""
"Medio","[9788830426269]","Mafia Pulita","","Elio Veltri, Antonio Laudati","Paperback","251","Longanesi & C.","[2009-06-01]",""
"Medio","[9788807815454]","Fluo","Storie di giovani a Riccione","Isabella Santacroce","Tascabile economico","116","Feltrinelli","[1999-05-xx]",""
"Medio","[9788806182656]","Parti in fretta e non tornare","","Fred Vargas","Paperback","334","Einaudi","[2006-01-01]",""
"Medio","[9788820037444]","La stanza di Ali Baba","Storie di un Iraq sconosciuto","Valerio Pellizzari","Altri","245","Sperling & Kupfer","[2004-01-01]",""
"Medio","[9788806176365]","Lunar Park","","Bret Easton Ellis","Copertina rigida","336","Einaudi (Supercoralli)","[2005-10-xx]",""
"Medio","[9788806194123]","Schiavi contemporanei","Un viaggio nella barbarie","Benjamin E. Skinner","Paperback","400","Einaudi","[2009-05-01]",""
"Alto","[9788820046620]","Niente","Come si vive quando manca tutto. Antropologia della povertà estrema","Alberto Salza","Paperback","423","Sperling & Kupfer","[2009-01-01]",""
"Medio","[9788807702136]","La guerra civile fredda","","Daniele Luttazzi","Paperback","256","Feltrinelli","[2009-11-04]",""
"Medio","[9788861900585]","Profondo nero","Mattei, De Mauro, Pasolini. Un'unica pista all'origine delle stragi di Stato","Sandra Rizza, Giuseppe Lo Bianco","Tascabile economico","295","Chiarelettere","[2009-02-01]",""
"Alto","[9788889014585]","Rovina","","Simona Vinci","Paperback","144","Edizioni Ambiente","[2007-01-01]",""
"Medio","[9788889014592]","L'uomo cannone","","Piero Colaprico","Paperback","172","Edizioni Ambiente","[2007-01-01]",""
"Medio","[9788806199517]","L'arte di correre","","Haruki Murakami","Copertina rigida","157","Einaudi (Frontiere)","[2009-09-01]",""
"Medio","[9788880893370]","Guerre sessuali","Alle radici dell'infedeltà","Robin Baker","Altri","","Baldini Castoldi Dalai","[1997-01-01]",""
"Medio","[9788807817861]","Non-persone","L'esclusione dei migranti in una società globale","Alessandro Dal Lago","Altri","279","Feltrinelli","[2004-01-01]",""
"Medio","[9788845901843]","Siddharta","","Hermann Hesse","Paperback","169","Adelphi (Piccola biblioteca Adelphi; 32)","[1969-01-01]",""
"Medio","[9788887423969]","La rapina in banca","Storia","Klaus Schönberger","Altri","224","DeriveApprodi","[2003-01-01]",""
"Medio","[9788806177850]","Il complotto","La storia segreta dei protocolli dei Savi di Sion","Will Eisner","Paperback","135","Einaudi (Stile libero - Extra)","[2005-01-01]",""
"Medio","[9788807017674]","Questa notte mi ha aperto gli occhi","","Jonathan Coe","Copertina morbida e spillati","206","Feltrinelli","[2008-10-01]",""
"Medio","[9788879664059]","L'autobiografia","No irish, no blacks, no dogs","Johnny Rotten","Tascabile economico","350","Arcana","[2007-01-01]",""
"Medio","[9788804473282]","Attenti al gorilla","","Sandrone Dazieri","Paperback","222","Arnoldo Mondadori","[1999-01-01]",""
"Medio","[9788873941071]","Il falsario di Stato","Uno spaccato noir della Roma degli anni di piombo","Massimo Veneziani, Nicola Biondo","Altri","199","cooper","[2008-01-01]",""
"Medio","[9788817021982]","La sottile linea nera","Neofascismo e servizi segreti da Piazza Fontana a Piazza della Loggia","Mimmo Franzinelli","Copertina rigida","","Rizzoli","[2008-01-01]",""
"Medio","[9788807811098]","La brava terrorista","","Doris Lessing","Altri","350","Feltrinelli","[1994-01-01]",""
"Medio","[9788807811838]","Non c'è gusto in Italia ad essere intelligenti","(seguirà il dibattito)","Roberto ""Freak"" Antoni","Paperback","136","Giangiacomo Feltrinelli Editore","[1991-01-01]",""
"Medio","[9788806170479]","Il responsabile delle risorse umane","Passione in tre atti","Abraham Yehoshua","Altri","258","Einaudi","[2004-01-01]",""
"Medio","[9788842803454]","Diario di un naziskin","La resa dei conti: la storia di una scelta e della sua revoca","Ingo Hasselbach","Paperback","174","Est","[1996-01-01]",""
"Medio","[9788834705032]","Confessioni di un artista di merda","Jack Isidore (Di Seville, California). La cronaca di un fatto scientifico accertato 1945-1959.","Philip K. Dick","Paperback","249","Fanucci (Estremi)","[1996-10-xx]",""
"Medio","[9788806131876]","Uomini ex","Lo strano destino di un gruppo di comunisti italiani","Giuseppe Fiori","Altri","186","Einaudi","[1993-01-01]",""
"Medio","[9788804575238]","Controinsurrezioni","Il Risorgimento: una rivoluzione tradita","Valerio Evangelisti, Antonio Moresco","Paperback","120","Mondadori","[2008-01-01]",""
"Medio","[9788817130318]","Assassini S.p.A","Una strana associazione criminale a fin di bene","Jack London","Paperback","199","Rizzoli (BUR- 31)","[1974-01-01]",""
"Alto","[9788806181840]","Triste, solitario y final","","Osvaldo Soriano","Altri","165","Einaudi","[2006-01-01]",""
"Medio","[9788861890534]","Io lo so fare","Dal dentifricio all'energia, piccola guida all'autoproduzione","Marinella Correggia","Tascabile economico","55","Terre di mezzo / Altra Economia","[2008-04-01]",""
"Medio","[9788804471943]","I figli degli uomini","","P. D. James","Paperback","316","Mondadori (Oscar Bestsellers)","[1999-01-01]",""
"Medio","[9780226511924]","They Thought They Were Free","","Milton S. Mayer","Paperback","368","The University of Chicago Press","[1966-05-01]",""
"Medio","[9788845250354]","Un weekend postmoderno","Cronache dagli anni ottanta","Pier Vittorio Tondelli","Altri","622","Bompiani","[2001-01-01]",""
"Medio","[9780307398468]","Empire of Illusion","The End of Literacy and the Triumph of Spectacle","Chris Hedges","Copertina rigida","240","Knopf Canada","[2009-07-28]",""
"Medio","","Un giorno","","Norman Douglas","Altri","72","Biblioteca del Vascello","[1991-09-09]",""
"Medio","[9788831798662]","United We Stand","","Simone Sarasso, Daniele Rudoni","Copertina morbida e spillati","144","Marsilio","[2009-10-14]",""
"Medio","[9788854504776]","Quando la moneta muore","","Adam Fergusson","Altri","342","","",""
"Medio","[9788876155840]","Narcoeconomy. Business e mafie che non conoscono la crisi","","Carlo Ruta","Altri","183","","",""
"Medio","[9788804593805]","La progenie","","Chuck Hogan, Guillermo del Toro","Copertina rigida","432","Mondadori","[2009-10-01]",""
"Medio","[9781402208546]","Confessions of a Political Hitman","My Secret Life of Scandal, Corruption, Hypocrisy and Dirty Attacks That Decide Who Gets Elected (and Who Doesn't)","Stephen Marks","Copertina rigida","416","Sourcebooks Trade","[2008-01-22]",""
"Medio","[9781933368399]","The Whistleblower","Confessions of a Healthcare Hitman","Peter Rost","Paperback","256","Soft Skull Press","[2006-09-10]",""
"Medio","[9788845909849]","La variante di Lüneburg","","Paolo Maurensig","Copertina morbida e spillati","158","Adelphi","[1993-04-01]",""
"Medio","[9788846485670]","Images","","Gareth Morgan","Paperback","","Franco Angeli","[2007-01-01]",""
"Medio","[9780812218190]","Organization Man","The Book That Defined a Generation","William H. Whyte","Paperback","448","University of Pennsylvania Press","[2002-05-01]",""
"Medio","[9788854502987]","Ventiquattr'ore di una donna sensibile","","Constance De Salm","Paperback","208","Neri Pozza","[2008-01-01]",""
"Medio","[9788836805525]","Del piacere e del vizio di fumare","","Italo Svevo","Altri","141","Passigli","[1999-01-01]",""
"Medio","[9788807807718]","Sotto il vulcano","","Malcolm Lowry","Altri","392","Feltrinelli","[2000-01-01]",""
"Medio","[9788876411045]","Romanzo con cocaina","","M. Ageev","Paperback","176","e/o (Tascabili, 10)","[1991-02-01]",""
"Medio","[9788879720007]","La montagna incantata","in appendice: Thomas Mann, La montagna incantata: lezione agli studenti di Princeton","Thomas Mann","Paperback","689","Corbaccio","[1992-01-01]",""
"Medio","[9788881127689]","In Europa","Viaggio attraverso il XX secolo","Geert Mak","Altri","987","Fazi","[2006-01-01]",""
"Medio","[9788817003230]","La guerra segreta della CIA","L'America, l'Afghanistan e Bin Laden dall'invasione sovietica al 10 settembre 2001","Steve Coll","Altri","829","Rizzoli","[2004-01-01]",""
"Medio","[9780521386739]","The Collapse of Complex Societies","","Joseph A. Tainter","Paperback","260","Cambridge University Press (New Studies in Archaeology)","[1990-03-30]",""
"Medio","[9788804580843]","La guerra fredda. Cinquant'anni di paura e speranza","","John L. Gaddis","Altri","","Mondadori","",""
"Medio","[9788862200691]","La macchia della razza","Lettera alle vittime della paura e dell'intolleranza","Marco Aime","Tascabile economico","87","Ponte alle grazie","[2009-04-08]",""
"Medio","[9788887517026]","La scopa del sistema","","David Foster Wallace","Paperback","504","Fandango Libri","[1999-01-01]",""
"Medio","[9788842806516]","La rivoluzione della fame","","Jasper Becker","Paperback","284","Il Saggiatore (Nuovi saggi)","[1998-01-01]",""
"Medio","[9788811597087]","Gli ultimi giorni dell'impero americano","I contraccolpi della politica estera ed economica dell'ultima grande potenza","Chalmers Johnson","Altri","377","Garzanti Libri","[2001-01-01]",""
"Medio","[9788811740377]","Le lacrime dell'impero","L'apparato militare industriale, i servizi segreti e la fine del sogno americano","Chalmers Johnson","Altri","445","Garzanti Libri","[2005-01-01]",""
"Medio","[9788811597834]","Nemesi","La fine dell'America","Chalmers Johnson","Copertina rigida","441","Garzanti","[2008-05-01]",""
"Medio","[9780140233773]","The Balkans","Nationalism, War & the Great Powers, 1804-1999","Misha Glenny","Paperback","752","Penguin (Non-Classics)","[2001-09-01]",""
"Medio","[9780140261011]","""Fall of Yugoslavia: The Third Balkan War""","","Misha Glenny","Paperback","336","Penguin Books Ltd","[1996-10-31]",""
"Medio","[9788806181383]","Le guerre jugoslave","1991-1999","Joze Pirjevec","Altri","748","Einaudi","[2006-01-01]",""
"Medio","[9788826703367]","Sarajevo: le radici dell'odio","Identità e destino dei popoli balcanici","Stefano Bianchini","Altri","","Edizioni Associate","",""
"Medio","[9788807171772]","Servi","Il paese sommerso dei clandestini al lavoro","Marco Rovelli","Tascabile economico","222","Feltrinelli (Serie bianca)","[2009-01-01]",""
"Medio","[9788804590125]","Le teste","","Giuseppe Genna","Copertina morbida e spillati","384","Mondadori","[2009-09-01]",""
"Medio","[9788882372071]","Quelli che restano","","Hugues Pagan","Altri","","Meridiano Zero","",""
"Medio","[9788838923715]","La notte che Pinelli","","Adriano Sofri","Paperback","284","Sellerio","[2009-01-01]",""
"Medio","[9788889726242]","Il vento dal basso","Nel Messico della rivoluzione in corso","Vittorio Sergi","Paperback","280","ED.IT","[2009-01-01]",""
"Medio","[9788831795951]","La terza metà","","Guglielmo Pispisa","Copertina morbida e spillati","192","Marsilio Editori","[2008-10-15]",""
"Medio","[9788831795937]","Y","","Serge Quadruppani","Copertina morbida e spillati","256","Marsilio (Farfalle)","[2008-10-xx]",""
"Medio","[9788887433890]","Il primo sangue","","Federico Platania","Paperback","128","Fernandel","[2008-02-01]",""
"Medio","[9788885861442]","Conversazioni con Ivan Illich un archeologo della modernità","","David Cayley","Altri","220","Eleuthera","[1994-01-01]",""
"Medio","[9788895029238]","Guida Steampunk all'Apocalisse","","Margaret Killjoy","Paperback","128","Agenzia X","[2008-10-15]",""
"Medio","[9788860880826]","Una testa mozzata","","Irvine Welsh","Paperback","245","Guanda","[2008-08-28]",""
"Medio","[9788888865492]","Le repubbliche dei pirati","Corsari mori e rinnegati europei nel Mediterraneo","Peter L. Wilson","Altri","","Shake","[2008-01-01]",""
"Medio","[9788876843334]","Jim entra nel campo di basket","Diario di un adolescente nelle strade di New York","Carroll Jim","Paperback","220","Frassinelli (Strade, 04)","[1995-xx-xx]",""
"Medio","[9788804593683]","Slow Economy","Rinascere con saggezza","Federico Rampini","Paperback","196","A. Mondadori (Strade blu. Non fiction)","[2009-01-01]",""
"Medio","[9788804593843]","Pigmeo","","Chuck Palahniuk","Paperback","238","Mondadori","[2009-09-01]",""
"Alto","[9788861921016]","Dubai confidential","","Sergio Nazzaro","Altri","","Elliot","",""
"Medio","[9780060512804]","Cryptonomicon","","Neal Stephenson","Paperback","1168","HarperCollins Publishers Inc","[2002-12-01]",""
"Medio","[9788817538343]","Il collasso","URSS viaggio al termine di un impero","Saverio Vertone","Copertina rigida","210","Rizzoli","[1990-01-01]",""
"Medio","[9788806191016]","Che la festa cominci","","Niccolò Ammaniti","Paperback","331","Einaudi (Stile libero Big)","[2009-10-27]",""
"Medio","[9788889091678]","Un'offerta imperfetta","","James Orbinski","Altri","430","","",""
"Medio","[9788862200189]","La filosofia di Lost","","Simone Regazzoni","Altri","166","Ponte alle Grazie","[2009-01-01]",""
"Medio","[9788889969328]","Tre discorsi in anticipo e uno in ritardo","Su Calatrava, su Cechov, sulle scimmie, sulla canzone popolare","Paolo Nori","Paperback","62","Derive Approdi","[2007-06-01]",""
"Medio","[9788824104814]","Il ritorno dei granchi giganti","Storia della mia terribile vita","Andrea Demarchi","Altri","137","Costa & Nolan","[1997-01-01]",""
"Medio","[9788882468552]","L'Emilia o la dura legge della musica","","Gianluca Morozzi","Altri","153","Guanda","[2006-01-01]",""
"Medio","[9788817150392]","Il conte di Montecristo","","Alexandre Dumas (padre)","Paperback","914","Rizzoli (SuperBUR classici, 15)","[1998-09-xx]",""
"Medio","[9788804455363]","L' Italia degli sprechi","","Raffaele Costa","Altri","276","Mondadori","[1998-01-01]",""
"Medio","[9788888865843]","Ribelli con stile","Un secolo di mode radicali","Matteo Guarnaccia","Tascabile economico","348","Shake","[2009-01-01]",""
"Medio","[9788861593794]","Sprechi","il cibo che buttiamo, che distruggiamo, che potremmo utilizzare","Tristram Stuart","Paperback","358","Bruno Mondadori","[2009-01-01]",""
"Medio","[9788888825182]","Moshpit","Violenza sotto il palco","Joe Ambrose","Paperback","210","Tsunami Edizioni","[2008-07-01]",""
"Medio","","Quinto: uccidi il padre e la madre","Memorie di un radicale negli anni '60","Jerry Rubin","Paperback","183","Arcana Editrice","[1976-05-01]",""
"Medio","[9788874370726]","Underground","Ascesa e declino di un'altra editoria","Francesco Ciaponi","Altri","","Costa & Nolan","[2007-01-01]",""
"Medio","[9788889035009]","La sindrome di Andy Capp","Cultura di strada e conflitto giovanile","Valerio Marchi","Altri","231","Nda Press","[2003-01-01]",""
"Medio","[9788862880091]","Storia della pirateria","","Philip Gosse","Tascabile economico","349","Odoya","[2008-06-01]",""
"Medio","[9788874370931]","Sottocultura. Il fascino di uno stile innaturale","","Dick Hebdige","Altri","","Costa & Nolan","",""
"Medio","[9788875211592]","Tu sei lei","Otto scrittrici italiane","Babsi Jones, Carola Susani, Helena Janeczek, Alina Marazzi, Donata Feroldi, Veronica Raimo, Esther G, Federica Manzon","Copertina morbida e spillati","206","minimum fax","[2008-01-01]",""
"Medio","[9788887468526]","Tutto il nero dell'Italia","","AA.VV.","Altri","214","Noubs","[2007-01-01]",""
"Medio","[9788887847147]","Taxi","Le strade del Cairo si raccontano","Khaled Al Khamissi","Paperback","216","Il Sirente","[2008-09-13]",""
"Medio","[9788895797007]","Tutta colpa di dio","","Peppe Lanzetta, Riccardo Brun, Angelo Petrella","Paperback","120","Ad Est dell'Equatore","[2008-01-01]",""
"Medio","[9788895797021]","Inferno","","Gianfranco Marziano","Paperback","106","Ad est dell'equatore","[2008-05-01]",""
"Medio","[9788875211264]","L'allegra fattoria","Sette racconti per adulti cattivi","Riccardo Falcinelli, Marta Poggi","Paperback","219","Minimum Fax","[2007-01-01]",""
"Medio","[9788895903248]","Ti racconto Dax","Ucciso a Milano il 16 marzo 2003 perché militante antifascista","Aldo Nove, Carmen Covito, Cristiano Armati, Umberto Santino, Walter Leonardi, Saverio Ferrari, Claudio Jampaglia, Giovanni Impastato, Enrica Bartesaghi, Stefania Grossi, Daniele Biacchesi, Rosa Piro","Tascabile economico","192","Purple Press","[2009-xx-xx]",""
"Medio","[9788876381102]","L'insolita rumba","","Biagio Autieri","Paperback","114","Isbn Edizioni","[2008-09-01]",""
"Medio","","Rote Armée Fraktion","Gli scritti della guerriglia urbana 1970/1977","","Altri","177","Materiale Resistente Edizioni","[1979-01-01]",""
"Medio","[9788889035030]","Il caso Battisti","L'emergenza infinita e i fantasmi del passato","Valerio Evangelisti, Wu Ming, Giuseppe Genna","Altri","192","Nda Press","[2004-01-01]",""
"Medio","[9788874370955]","Sol mutante. Mode, giovani e umori nel Giappone contemporaneo","","Luca Valtorta, Alessandro Gomarasca","Altri","","Costa & Nolan","",""
"Medio","[9788862880459]","Storia del conflitto anglo-irlandese","Otto secoli di persecuzione inglese","Riccardo Michelucci","Paperback","288","Odoya","[2009-01-01]",""
"Medio","[9788889490655]","Né obbedire né comandare","Lessico libertario","Francesco Codello","Paperback","160","Elèuthera","[2009-04-30]",""
"Medio","[9788896238080]","Moltitudine inarrestabile","Come è nato il più grande movimento al mondo e perché nessuno se ne è accorto","Paul Hawken","Paperback","368","Edizioni Ambiente","[2009-01-01]",""
"Medio","[9788842814788]","Il cigno nero","Come l'improbabile governa la nostra vita","Nassim Nicholas Taleb","Altri","379","Il Saggiatore","[2008-01-01]",""
"Medio","[9788842811121]","Giocati dal caso","Il ruolo della fortuna nella finanza e nella vita","Nassim N. Taleb","Altri","240","Il Saggiatore","[2003-01-01]",""
"Medio","[9788804450733]","L'ultimo capodanno","","Niccolò Ammaniti","Paperback","121","Mondadori","[1998-01-01]",""
"Medio","[9788806142681]","Gioventù cannibale","La prima antologia italiana dell'orrore estremo","Niccolo Ammaniti, Stefano Massaron, Aldo Nove, Matteo Galiazzo, Massimiliano Governi, Alda Teodorani, Daniele Luttazzi, Matteo Curtoni, Andrea Pinketts, Luisa Brancaccio, Paolo Caredda","Paperback","204","Einaudi (Stile libero, 400)","[1996-10-21]",""
"Medio","","Come Dio comanda","","Niccolò Ammaniti","Copertina rigida","425","Mondolibri","[2006-09-01]",""
"Medio","[9780979777707]","Brain Rules","12 Principles for Surviving and Thriving at Work, Home, and School","John Medina","Copertina rigida","301","Pear Press","[2008-03-01]",""
"Medio","[9788807017919]","Pane e tempesta","","Stefano Benni","Paperback","256","Feltrinelli","[2009-10-14]",""
"Medio","","Addio, Babilonia","SFBC La Bussola 3","Pat Frank","Paperback","351","La Tribuna","[1965-06-30]",""
"Medio","","Un cantico per Leibowitz","Urania Classici 116","Walter M. Miller Jr.","Paperback","284","Mondadori (Urania)","[1986-11-01]",""
"Medio","[9788820024857]","L'uomo del giorno dopo","","David Brin","Paperback","334","Sperling & Kupfer","[1997-xx-xx]",""
"Medio","[9780345487131]","Earth Abides","","George Rippey Stewart","Paperback","345","Del Rey Books","[2006-03-28]",""
"Medio","[9788804586876]","Battle Royale","","Koushun Takami","Copertina morbida e spillati","663","Mondadori","[2009-06-01]",""
"Medio","[9788842815358]","I numeri del terrore","Perché non dobbiamo avere paura","Loretta Napoleoni, Ronald J. Bee","Paperback","143","Il Saggiatore","[2008-01-01]",""
"Alto","[9788845923890]","In difesa del cibo","","Michael Pollan","Paperback","252","Adelphi","[2009-xx-xx]",""
"Medio","[9788804567806]","Proibito parlare","Cecenia, Beslan, Teatro Dubrovka: le verità scomode della Russia di Putin","Anna Politkovskaja","Copertina morbida e spillati","307","Mondadori","[2007-01-01]",""
"Medio","[9780345294722]","Voyage from Yesteryear","","James Patrick Hogan","Paperback","377","Del Rey Books","[1982-06-12]",""
"Medio","[9788806200213]","L'arte e la maniera di affrontare il proprio capo per chiedere un aumento","","Georges Perec","Paperback","69","Einaudi","[2010-03-22]",""
"Medio","[9788845249587]","La cultura del narcisismo","","Christopher Lasch","Paperback","297","Bompiani (Saggi tascabili)","[2001-01-01]",""
"Medio","[9788806200633]","Caduta libera","","Nicolai Lilin","Altri","330","Einaudi (Supercoralli)","[2010-01-01]",""
"Medio","[9788862561242]","La porta oscura","Il viaggiatore","David Lozano","Paperback","692","Salani","[2010-01-01]",""
"Medio","[9788862611206]","Vagabondo in Irlanda","","John M. Synge","Paperback","193","Mattioli 1885","[2010-01-01]",""
"Medio","[9788807813788]","Un giorno della mia vita","L'inferno del carcere e la tragedia dell'Irlanda in lotta","Bobby Sands","Paperback","213","Feltrinelli (Universale Economica, 1378)","[1996-xx-xx]",""
"Medio","[9788804594833]","Il mondo dopo la fine del mondo","","Nick Harkaway","Paperback","558","Arnoldo Mondadori (Strade blu)","[2009-11-xx]",""
"Medio","[9788861921146]","Che fine ha fatto il petrolio?","Energia e futuro dell'economia","Jeff Rubin","Paperback","352","Elliot","[2010-01-01]",""
"Medio","[9788804595588]","Il pesce bagnato","","Volker Kutscher","Paperback","503","Mondadori","[2010-01-01]",""
"Medio","[9788845263187]","Repubblica impopolare cinese","I principi-padroni della nuova Cina","Fabio Cavalera","Tascabile economico","190","Bompiani","[2009-11-18]",""
"Medio","[9788881373994]","Cina, il boom made in Africa. Origini storiche e attualità di un nuovo assetto mondiale","","Hofmann Raffaele Cazzola","Altri","","Citt&agrave; Aperta","",""
"Medio","[9788804593713]","Padroni a casa nostra","Perché a Nordest siamo tutti antipatici","G. Mario Villalta","Paperback","147","Mondadori","[2009-09-20]",""
"Medio","[9788842808022]","Tristi tropici","","Claude Lévi-Strauss","Altri","432","Il Saggiatore","[1999-01-01]",""
"Medio","[9788815133267]","La vita degli uomini infami","","Michel Foucault","Tascabile economico","88","Il Mulino","[2009-01-01]",""
"Medio","[9788896238127]","Apocalisse quotidiana","Sei argomenti per una giustizia globale","George Monbiot","Paperback","256","Edizioni Ambiente","[2009-01-01]",""
"Medio","[9788861581210]","Storia dei crimini monetari","","Alexander Del Mar","Paperback","216","Excelsior 1881","[2009-01-01]",""
"Medio","[9788807702150]","Azzeccare i cavalli vincenti","","Charles Bukowski","Tascabile economico","272","Feltrinelli (I canguri)","[2009-11-xx]",""
"Medio","","Stephen King goes to the Movies","","Stephen King","Copertina rigida","560","Mondolibri","[2009-01-01]",""
"Medio","[9788811674894]","Chi non legge questo libro è un imbecille","Una storia universale della stupidità attraverso 565 citazioni","Oliviero Ponte di Pino","Altri","","Garzanti Libri","[2001-01-01]",""
"Medio","[9788845924385]","Manuale di investigazione","","Jedediah Berry","Copertina morbida e spillati","283","Adelphi (Fabula, 215)","[2009-09-01]",""
"Medio","[9788838489471]","Etica criminale","Fatti della banda Vallanzasca","Massimo Polidoro","Paperback","461","Piemme","[2007-01-01]",""
"Medio","[9780743272865]","Home Comforts","The Art and Science of Keeping House","Cheryl Mendelson","Paperback","896","Scribner","[2005-04-05]",""
"Medio","[9788861900868]","Grazie","""Ecco perché senza gli immigrati saremmo perduti""","Riccardo Staglianò","Paperback","240","Chiarelettere","[2010-01-01]",""
"Medio","[9788817038379]","L'ultima notizia","Dalla crisi degli imperi di carta al paradosso dell'era di vetro","Massimo Gaggi, Marco Bardazzi","Copertina rigida","250","Rizzoli","[2010-02-17]",""
"Medio","[9788883501531]","Il buono dell'economia","Etica e mercato oltre i luoghi comuni","Luigi Zingales, Salvatore Carrubba, Gianpaolo Salvini","Copertina rigida","204","Università Bocconi","[2010-01-01]",""
"Medio","[9780553119794]","Bury My Heart at Wounded Knee","An Indian History of the American West","Dee Brown","Paperback","458","Bantam","[1970-01-01]",""
"Medio","[9788879728881]","16 agosto 1920. La battaglia di Varsavia","","Adam Zamoyski","Altri","","Corbaccio","",""
"Medio","[9781844672387]","A People's History of the World","From the Stone Age to the New Millennium, New Edition","Chris Harman","Paperback","760","Verso","[2008-04-07]",""
"Medio","[9780571232307]","Empires of the Sea","The Final Battle for the Mediterranean, 1521-1580","Roger Crowley","Copertina rigida","368","Faber and Faber","[2008-05-01]",""
"Medio","[9780571227730]","Liberation","The Bitter Road to Freedom, Europe 1944-1945","William I. Hitchcock","Paperback","464","Faber and Faber","[2009-09-03]",""
"Medio","[9788879285483]","Soldi e potere nel mondo moderno","1700-2000","Niall Ferguson","Altri","650","Ponte alle Grazie","[2001-01-01]",""
"Medio","[9788879724043]","La verità taciuta","La Prima guerra mondiale: il più grande errore della storia moderna","Niall Ferguson","Altri","","Corbaccio","[2002-01-01]",""
"Medio","[9788804553410]","Colossus","Ascesa e declino dell'impero americano","Niall Ferguson","Altri","401","Mondadori","[2006-01-01]",""
"Medio","[9788804526704]","Impero","Come la Gran Bretagna ha fatto il mondo moderno","Niall Ferguson","Altri","","Mondadori","[2007-01-01]",""
"Medio","[9788804594710]","Ascesa e declino del denaro","Una storia finanziaria del mondo","Niall Ferguson","Copertina rigida","306","Mondadori","[2009-01-01]",""
"Medio","[9788862880442]","Storia della pulizia... e della sporcizia del corpo","","Katherine Ashenburg","Paperback","288","Odoya","[2009-08-01]",""
"Medio","[9788887423259]","Libera Baku ora","","Riccardo Pedrini","Altri","336","DeriveApprodi","[2000-01-01]",""
"Medio","[9788845265037]","L'eroe imperfetto","","Wu Ming 4","Paperback","164","Bompiani (Tascabili)","[2010-06-23]",""
"Medio","[9788811681229]","Foucault","Il pensiero e l'uomo","Paul Veyne","Tascabile economico","197","Garzanti","[2010-02-01]",""
"Medio","[9788804376149]","Hyperion","","Dan Simmons","Paperback","422","Mondadori (Oscar Bestsellers, 350)","[1993-10-01]",""
"Medio","[9788879664097]","Oggi ho salvato il mondo","Canzoni di protesta 1990-2005","Carlo Bordone, Gianluca Testani","Altri","291","Arcana","[2006-01-01]",""
"Medio","[9788879899550]","Walden","Vita nel bosco","Henry D. Thoreau","Altri","246","Donzelli","[2005-01-01]",""
"Medio","[9788879662314]","Noi siamo i Mods","Romanzo di scooters & rabbia giovanile","Howard Baker","Altri","204","Arcana","[2001-01-01]",""
"Medio","[9788860736093]","L'arte di uccidere un uomo","","Giaime Alonge","Copertina rigida","343","Baldini Castoldi Dalai","[2009-01-01]",""
"Medio","[9788817011419]","Lager italiani","","Marco Rovelli","Altri","283","BUR Biblioteca Univ. Rizzoli","[2006-06-12]",""
"Medio","[9788860884282]","Il giovane sbirro","","Gianni Biondillo","Paperback","343","Guanda (Le Fenici tascabili)","[2008-01-01]",""
"Medio","[9788807017629]","Gli interessi in comune","","Vanni Santoni","Paperback","272","Feltrinelli","[2008-05-15]",""
"Medio","[9788845917851]","La cultura del piagnisteo","La saga del politicamente corretto","Robert Hughes","Paperback","242","Adelphi","[2003-01-01]",""
"Medio","[9788806194703]","Viaggio nell'India del nord","","Cinzia Pieruccini, Mimma Congedo","Paperback","299","Einaudi (ET Geografie)","[2010-01-01]",""
"Medio","[9788883252662]","Tra gli sceicchi in batmobile","Un viaggio pop nel Medio Oriente sconosciuto","Richard Poplak","Paperback","400","L'ancora del Mediterraneo","[2010-01-01]",""
"Medio","[9788896317105]","Nel cuore di Smog City","","Amruta Patil","Paperback","120","Metropoli d'Asia","[2010-05-01]",""
"Medio","[9788889647196]","Turkemar","","Simone Sarasso","Copertina rigida","110","Effequ","[2007-01-01]",""
"Alto","[9788804486510]","Catrame","","Giuseppe Genna","Paperback","150","A. Mondadori (Piccola biblioteca Oscar; 244)","[2001-01-01]",""
"Alto","[9788850220878]","Due uomini e un furgone (per non parlar dei libri)","","Ian Sansom","Paperback","290","TEA","[2010-03-01]",""
"Medio","[9780375425424]","The Corpse Walker","Real-Life Stories, China from the Bottom Up","Liao Yiwu","Copertina rigida","320","Pantheon Books","[2008-04-15]",""
"Medio","[9788831757478]","Racconti di vita irreale","","Shen Fu","Paperback","168","Marsilio","[1993-03-01]",""
"Medio","[9780804840958]","The Water Margin","Outlaws of the Marsh","Shi Naian","Paperback","816","Tuttle Publishing","[2010-01-01]",""
"Medio","[9788882467807]","Nero di Luna","","Marco Vichi","Copertina morbida e spillati","248","Guanda","[2007-08-01]",""
"Medio","[9780307339379]","Deer Hunting with Jesus","Dispatches from America's Class War","Joe Bageant","Paperback","273","Three Rivers Press (CA)","[2008-06-24]",""
"Medio","[9788804567714]","Diario di un fumatore","","David Sedaris","Altri","301","Mondadori","[2007-01-01]",""
"Medio","[9780385481960]","Youth in Revolt","The Journals of Nick Twisp","","Paperback","498","Bantam Doubleday Dell Publishing Group Inc","[1996-12-31]",""
"Medio","[9788804544548]","Me parlare bello un giorno","","David Sedaris","Paperback","269","Mondadori (Piccola biblioteca Oscar; 411)","[2005-04-01]",""
"Medio","[9788804601401]","Ogni cosa è importante!","","Ron Currie","Paperback","347","Arnoldo Mondadori","[2010-01-01]",""
"Medio","[9788804453642]","L'amore nei giorni della rabbia","","Lawrence Ferlinghetti","Paperback","139","A. Mondadori (Piccola biblioteca Oscar, 198)","[1999-06-xx]",""
"Medio","","Acque oscure","Epix 2","Valerio Evangelisti","Tascabile economico","235","Mondadori (Epix)","[2009-06-01]",""
"Medio","[9788845913969]","Un antropologo su Marte","Sette racconti paradossali","Oliver Sacks","Paperback","445","Adelphi (Gli Adelphi, 134)","[1998-01-01]",""
"Medio","[9788806156954]","Come una bestia feroce","","Edward Bunker","Paperback","358","Einaudi (Tascabili - Stile libero noir, 922)","[2001-01-01]",""
"Medio","[9788889674000]","Salvo complicazioni","Appunti di un chirurgo americano su una scienza imperfetta","Atul Gawande","Altri","286","Fusi Orari","[2005-01-01]",""
"Medio","[9788860736116]","Mafia export","Come 'ndrangheta, cosa nostra e camorra hanno colonizzato il mondo","Francesco Forgione","Copertina rigida","368","Baldini Castoldi Dalai","[2009-01-01]",""
"Medio","[9788861593381]","La vita ai tempi del comunismo","Interviste, vent'anni dopo","Peter Molloy","Paperback","264","Bruno Mondadori","[2009-01-01]",""
"Medio","[9788873941439]","Yes, we can. Istruzioni per diventare ricchi e felici","","Tyler Cowen","Altri","","Cooper","",""
"Medio","","Vacanze a tutti i costi","","Pierre Daninos","Altri","302","Elmo","[1959-05-01]",""
"Medio","[9788860441393]","Hey Rube","Sport violenti, la dottrina di Bush e la spirale discendente dell'idiozia. Storia moderna dalla pagina dello sport","Hunter S. Thompson","Paperback","294","Fandango (Mine vaganti, 39)","[2010-02-xx]",""
"Medio","[9788824504430]","Le origini del totalitarismo","","Hannah Arendt","Altri","","","[1967-01-01]",""
"Medio","[9788817039932]","Maonomics","L'amara medicina cinese contro gli scandali della nostra economia","Loretta Napoleoni","Tascabile economico","300","Rizzoli","[2010-01-01]",""
"Medio","[9788804602163]","Cosa Nostra, istruzioni per l'uso. La vita quotidiana dei boss mafiosi osservata da vicino","","Joseph Pistone","Altri","","Mondadori","",""
"Medio","[9788862880725]","Storia della cocaina","Dai re inca ai cartelli di Cali: 500 anni di traffico","Steven B. Karch","Paperback","267","Odoya","[2010-05-01]",""
"Medio","[9788817016339]","La masseria delle allodole","","Antonia Arslan","Copertina rigida","233","BUR Biblioteca Univ. Rizzoli","[2007-01-01]",""
"Medio","[9788806179083]","Il responsabile delle risorse umane","Passione in tre atti","Abraham Yehoshua","Altri","258","Einaudi (ET)","[2005-01-01]",""
"Medio","[9788804594109]","Hunger Games","","Suzanne Collins","Copertina rigida","369","Mondadori","[2009-10-20]",""
"Medio","[9780764525148]","How to Cook Everything","Vegetarian Cooking","Mark Bittman","Paperback","144","Wiley","[2003-08-08]",""
"Medio","[9788806202248]","Trilogia criminale","Nero come il cuore - Onora il padre - Teneri assassini","Giancarlo De Cataldo","Altri","532","Einaudi","[2009-01-01]",""
"Medio","[9788825301564]","Spie","Storia degli 007 dall'antichità all'era moderna","Domenico Vecchioni","Altri","120","Olimpia","[2007-01-01]",""
"Medio","","Espiazione","","Ian McEwan","Copertina rigida","381","Mondolibri, su licenza Einaudi","[2002-01-01]",""
"Medio","[9788878876941]","Illicenziabile","Come diventare indispensabile nel proprio lavoro","Stephen Viscusi","Paperback","176","Vallardi","[2011-09-01]",""
"Medio","[9788817127196]","Isonzo 1917","","Mario Silvestri","Altri","533","BUR Biblioteca Univ. Rizzoli","[2001-01-01]",""
"Medio","[9788862202770]","Vivere alla fine dei tempi","","Slavoj Zizek","Paperback","622","Ponte alle Grazie (Saggi)","[2011-04-01]",""
"Medio","[9788862200073]","In difesa delle cause perse","Materiali per la rivoluzione globale","Slavoj Zizek","Paperback","637","Ponte alle Grazie (Saggi)","[2009-01-01]",""
"Medio","[9788876153822]","Il diario di Bobby Sands.","Storia di un ragazzo irlandese","Denis O'Hearn, Silvia Calamati, Laurence McKeown","Tascabile economico","274","Castelvecchi","[2010-04-01]",""
"Medio","[9788879051675]","Breathers","L'anonima zombie","S.G. Browne","Tascabile economico","250","Casini Editore","[2010-09-01]",""
"Medio","[9788842074410]","San Francisco-Milano","","Federico Rampini","Altri","156","Laterza","[2004-01-01]",""
"Medio","[9788889772508]","America, no we can't","Le speranze deluse e le prospettive della politica Usa","Noam Chomsky","Copertina morbida e spillati","399","Alegre","[2010-01-01]",""
"Medio","[9788854108837]","Destra estrema e criminale","Da Stefano Delle Chiaie a Mario Tuti, dai fratelli Fioravanti a Massimo Carminati: storia, avvenimenti, protagonisti e testimonianze inedite della destra eversiva italiana","Gianluca Semprini, Mario Caprara","Paperback","382","Newton & Compton","[2007-01-01]",""
"Medio","[9788804603337]","Occidente estremo","Il nostro futuro tra l'ascesa dell'impero cinese e il declino della potenza americana","Federico Rampini","Paperback","284","A. Mondadori (Strade blu)","[2010-10-01]",""
"Medio","[9788861900851]","Adesso basta","Lasciare il lavoro e cambiare vita: filosofia e strategia di chi ce l'ha fatta","Simone Perotti","Tascabile economico","208","Chiarelettere","[2009-01-01]",""
"Medio","[9788817050272]","Vandali","L'assalto alle bellezze d'Italia","Sergio Rizzo, Gian Antonio Stella","Copertina rigida","275","Rizzoli (Saggi italiani)","[2011-02-16]",""
"Medio","[9788872855157]","Distanza di sicurezza","Cronache del mondo rimosso","Slavoj Zizek","Altri","","Manifestolibri","[2008-01-01]",""
"Medio","[9788883535017]","Il cuore perverso del cristianesimo","","Slavoj Zizek","Altri","240","Meltemi","[2006-01-01]",""
"Medio","[9788878191242]","L'anima dell'uomo sotto il socialismo","","Oscar Wilde","Paperback","92","TEA","[1989-01-01]",""
"Medio","[9788807102646]","Il grande altro","Nazionalismo, godimento, cultura di massa","Slavoj Zizek","Altri","212","Feltrinelli","[1999-01-01]",""
"Medio","[9788806200794]","Tre secondi","","Anders Roslund, Börge Hellström","Paperback","657","Einaudi (Stile libero, Big)","[2010-01-01]",""
"Medio","[9788806189204]","Il primo libro di antropologia","","Marco Aime","Paperback","286","Einaudi (P.B.E. Mappe)","[2008-xx-xx]",""
"Medio","[9788861920606]","Chi ha cucinato l'ultima cena?","Storia femminile del mondo","Rosalind Miles","Copertina rigida","443","Elliot","[2009-03-01]",""
"Medio","[9788804590071]","Caldo, piatto e affollato","","Thomas L. Friedman","Tascabile economico","","","[2009-01-01]",""
"Medio","[9788820049294]","I segreti del linguaggio del corpo","","Marco Pacori","Paperback","267","Sperling & Kupfer","[2010-01-01]",""
"Medio","[9788807490941]","L'arte di non dire la verità","","Adam Soboczynski","Paperback","208","Feltrinelli","[2010-03-10]",""
"Medio","[9788806205263]","Bancarotta","L'economia globale in caduta libera","Joseph E. Stiglitz","Paperback","429","Einaudi (Passaggi)","[2010-10-xx]",""
"Medio","[9788875781279]","La fine del cibo","","Paul Roberts","Paperback","459","Codice Edizioni","[2009-01-01]",""
"Medio","[9788842094333]","La vita quotidiana in Italia ai tempi del Silvio","","Enrico Brizzi","Tascabile economico","303","Laterza (Contromano)","[2010-01-01]",""
"Medio","[9788804560524]","Zomberos","","Diego Cugia","Altri","248","Mondadori","[2006-01-01]",""
"Medio","[9788807817557]","Il condominio","","J. G. Ballard","Tascabile economico","192","Feltrinelli (Universale Economica 1755)","[2003-05-01]",""
"Medio","[9788842095187]","Il grande saccheggio","L'età del capitalismo distruttivo","Piero Bevilacqua","Paperback","217","Laterza (Anticorpi)","[2011-01-01]",""
"Medio","[9788878181731]","A quattro mani","","Paco Ignacio Taibo II","Paperback","439","TEA","[1997-01-01]",""
"Medio","","Perchè mentiamo con gli occhi e ci vergognamo con i piedi? !! SCHEDA DOPPIA !!","","Barbara Pease, Allan Pease","Copertina rigida","","Sonzogno","[2000-01-01]",""
"Medio","[9788831791656]","Un osso in gola","","Anthony Bourdain","Paperback","333","Marsilio (Farfalle)","[2007-01-01]",""
"Medio","[9788871082127]","Avventure agrodolci","Vizi e virtù del sottobosco culinario","Anthony Bourdain","Altri","295","Feltrinelli","[2006-01-01]",""
"Medio","","Gli indifferenti","","Alberto Moravia","Copertina morbida e spillati","320","Alpes","[1930-02-01]",""
"Medio","[9788806166229]","Tishomingo Blues","","Elmore Leonard","Paperback","308","Einaudi (Stile Libero)","[2003-01-01]",""
"Medio","[9788886323772]","L' azienda totale","Dispositivi totalizzanti e risorse di sopravvivenza nelle grandi aziende della distribuzione","Renato Curcio","Altri","104","Sensibili alle Foglie","[2002-01-01]",""
"Medio","[9781435720398]","Le Americhe in scala 1:1","In viaggio, da New York a Buenos Aires.","Michele Molinari","Tascabile economico","265","Lulu.com","[2008-01-01]",""
"Medio","[9788842079019]","Siam poi gente delicata","Bologna Parma, novanta chilometri","Paolo Nori","Tascabile economico","144","Laterza","[2007-09-xx]",""
"Medio","[9788865490150]","L'arte del camminare","Consigli per partire con il piede giusto","Luca Gianotti","Paperback","152","Ediciclo","[2011-01-01]",""
"Medio","[9788860739322]","Gli psicoatleti","","Enrico Brizzi","Paperback","512","Dalai (Romanzi e racconti)","[2011-01-01]",""
"Medio","[9788876155536]","Bastardi senza storia","Dagli Arditi del popolo ai combattenti rossi di Prima Linea, la storia rimossa dell'antifascismo europeo","Valerio Gentili","Paperback","256","Castelvecchi","[2011-04-xx]",""
"Medio","[9788876155734]","Le compagne di Bobby Sands. Le donne e la guerra in Irlanda del Nord","","Silvia Calamati","Altri","224","","",""
"Medio","[9788806027599]","Un anno sull'altipiano","","Emilio Lussu","Altri","251","Giulio Einaudi","",""
"Medio","[9788860881137]","Se niente importa","Perché mangiamo gli animali?","Jonathan Safran Foer","Paperback","363","Guanda","[2010-02-01]",""
"Medio","[9788876380099]","Trilobiti","I dodici racconti di un grande scrittore","Breece D'J Pancake","Paperback","192","Isbn Edizioni","[2005-02-01]",""
"Medio","[9788881125128]","La festa è finita","La scomparsa del petrolio, le nuove guerre, il futuro dell'energia","Richard Heinberg","Altri","275","Fazi","[2004-01-01]",""
"Medio","[9788888819488]","Pura vida e altri racconti raminghi","","Andrea Bizzocchi","Altri","","Terra Nuova Edizioni","[2010-01-01]",""
"Medio","[9788845924354]","2666","","Roberto Bolaño","Paperback","963","Adelphi","[2009-09-01]",""
"Medio","[9788866320289]","La gamba sinistra di Joe Strummer","","Caryl Férey","Paperback","165","Edizioni E/O (Noir)","[2011-10-01]",""
"Medio","[9788806205928]","Timira","Romanzo meticcio","Wu Ming, Antar Mohamed","Paperback","525","Einaudi (Stile libero Big)","[2012-05-xx]",""
"Medio","[9788875782610]","L'ingenuità della rete","Il lato oscuro della libertà di internet","Evgeny Morozov","Paperback","384","Codice Edizioni","[2011-10-01]",""
"Medio","","Le scarpe dei suicidi","Sole Silvano Baleno e gli altri - Torino 1998: due suicidi di Stato","Tobia Imperato","Paperback","194","Autoriproduzioni Fenix!","[2003-12-01]",""
"Medio","[9788861190016]","Elogio della Semplicità","Vivere semplicemente nella società dei consumi","John Lane","Altri","147","Il libraio delle stelle","[2006-09-01]",""
"Medio","[9781846145711]","The Righteous Mind","Why Good People are Divided by Politics and Religion","Jonathan Haidt","eBook","448","Penguin Books Ltd","[2012-03-29]",""
"Medio","[9788855801553]","Ritornano le tigri della Malesia","(più antimperialiste che mai)","Paco Ignacio Taibo II","Paperback","352","Tropea (Fuorionda. Iperfiction)","[2011-01-01]",""
"Medio","[9788820031015]","On Writing","Autobiografia di un mestiere","Stephen King","Copertina rigida","320","Sperling & Kupfer","[2001-01-01]",""
"Medio","[9788854505353]","Birra e cazzotti","","Brendan O'Carroll","Paperback","190","Neri Pozza","[2011-06-xx]",""
"Medio","[9788858500293]","Terroni","","Pino Aprile","eBook","160","Piemme","[2010-01-01]",""
"Medio","[9788860090188]","Terroni","","Giancarlo De Cataldo","Altri","137","Sartorio","[2006-01-01]",""
"Medio","[9788874248605]","Il giorno in cui l'euro morì","","Stefano Feltri","Paperback","142","Aliberti","[2011-01-01]",""
"Medio","[9788874248131]","Il candidato","Tutti conoscono Montezemolo, nessuno sa chi è davvero","Stefano Feltri","Paperback","187","Aliberti Editore","[2011-07-01]",""
"Medio","[9788862201377]","Io ti fotto","L'Italia è un paese fondato sulla fregatura: ecco tutti i modi in cui gli italiani raggirano gli altri (e sé stessi)","Carlo Tecce, Marco Morello","Copertina morbida e spillati","222","Ponte alle grazie","[2010-11-01]",""
"Medio","[9788807700910]","Elvis, Gesù e Coca-Cola","","Kinky Friedman","Altri","212","Feltrinelli","[1997-01-01]",""
"Medio","[9788860886590]","La macchina della morte","Notizie da un mondo in cui le persone sanno di che morte morire","","Paperback","549","Guanda (Narratori della Fenice)","[2012-01-26]",""
"Medio","[9788876419447]","Dopo il crash","","Fay Weldon","Paperback","288","e/o","[2011-01-19]",""
"Medio","[9788804612865]","Dannazione","","Chuck Palahniuk","Paperback","252","Mondadori (Strade blu - Dark)","[2011-10-11]",""
"Medio","[9788875212193]","Via da Las Vegas","","John O'Brien","Copertina morbida e spillati","233","Minimum Fax","[2009-xx-xx]",""
"Medio","[9788806207533]","HHhH","Il cervello di Himmler si chiama Heydrich","Laurent Binet","Copertina rigida","337","Einaudi (Frontiere)","[2011-05-01]",""
"Medio","[9788881123506]","Full of life","","John Fante","Paperback","151","Fazi (Tascabili)","[2002-xx-xx]",""
"Medio","[9788806154943]","Trilogia della città di K","Il grande quaderno - La prova - La terza menzogna","Agota Kristof","Paperback","379","Einaudi","[2000-01-01]",""
"Medio","[9788806206000]","L'aspra stagione","","Tommaso De Lorenzis, Mauro Favale","Paperback","272","Einaudi (Stile Libero Extra)","[2012-03-01]",""
"Medio","[9788895029450]","'Ndranghetown","","Paola Bottero","Paperback","178","Agenzia X","[2011-01-25]",""
"Medio","[9788895029009]","Blitzkrieg punk","Sopravvivere ai Ramones","Veronica Kofman, Dee Dee Ramone","Altri","186","Agenzia X","[2006-01-01]",""
"Medio","[9788895029160]","Anarchy in the EU","Movimenti pink, black, green in Europa e grande recessione","Alex Foti","Tascabile economico","240","Agenzia X","[2009-05-01]",""
"Medio","[9788895029412]","Crass bomb","L'azione diretta nel punk","","Paperback","128","Agenzia X","[2010-11-01]",""
"Medio","[9788895029054]","Contro il '68","La generazione infinita","Alessandro Bertante","Altri","94","Agenzia X","[2007-03-01]",""
"Medio","[9788895029351]","Quello che brucia non ritorna","Romanzo hardcore","Matteo Di Giulio","Paperback","224","Agenzia X","[2010-04-07]",""
